file_name,url,speaker,year
address-before-joint-session-the-congress-the-state-the-union-30.txt,https://www.presidency.ucsb.edu/documents/address-before-joint-session-the-congress-the-state-the-union-30,"Joseph R. Biden, Jr.",2024
address-before-joint-session-the-congress-the-state-the-union-29.txt,https://www.presidency.ucsb.edu/documents/address-before-joint-session-the-congress-the-state-the-union-29,"Joseph R. Biden, Jr.",2023
address-before-joint-session-the-congress-the-state-the-union-28.txt,https://www.presidency.ucsb.edu/documents/address-before-joint-session-the-congress-the-state-the-union-28,"Joseph R. Biden, Jr.",2022
address-before-joint-session-the-congress-the-state-the-union-27.txt,https://www.presidency.ucsb.edu/documents/address-before-joint-session-the-congress-the-state-the-union-27,Donald J. Trump (1st Term),2020
address-before-joint-session-the-congress-the-state-the-union-26.txt,https://www.presidency.ucsb.edu/documents/address-before-joint-session-the-congress-the-state-the-union-26,Donald J. Trump (1st Term),2019
address-before-joint-session-the-congress-the-state-the-union-25.txt,https://www.presidency.ucsb.edu/documents/address-before-joint-session-the-congress-the-state-the-union-25,Donald J. Trump (1st Term),2018
address-before-joint-session-the-congress-the-state-the-union-19.txt,https://www.presidency.ucsb.edu/documents/address-before-joint-session-the-congress-the-state-the-union-19,Barack Obama,2016
address-before-joint-session-the-congress-the-state-the-union-20.txt,https://www.presidency.ucsb.edu/documents/address-before-joint-session-the-congress-the-state-the-union-20,Barack Obama,2015
address-before-joint-session-the-congress-the-state-the-union-21.txt,https://www.presidency.ucsb.edu/documents/address-before-joint-session-the-congress-the-state-the-union-21,Barack Obama,2014
address-before-joint-session-congress-the-state-the-union-2.txt,https://www.presidency.ucsb.edu/documents/address-before-joint-session-congress-the-state-the-union-2,Barack Obama,2013
address-before-joint-session-the-congress-the-state-the-union-15.txt,https://www.presidency.ucsb.edu/documents/address-before-joint-session-the-congress-the-state-the-union-15,Barack Obama,2012
address-before-joint-session-the-congress-the-state-the-union-16.txt,https://www.presidency.ucsb.edu/documents/address-before-joint-session-the-congress-the-state-the-union-16,Barack Obama,2011
address-before-joint-session-the-congress-the-state-the-union-17.txt,https://www.presidency.ucsb.edu/documents/address-before-joint-session-the-congress-the-state-the-union-17,Barack Obama,2010
address-before-joint-session-the-congress-the-state-the-union-18.txt,https://www.presidency.ucsb.edu/documents/address-before-joint-session-the-congress-the-state-the-union-18,George W. Bush,2008
address-before-joint-session-the-congress-the-state-the-union.txt,https://www.presidency.ucsb.edu/documents/address-before-joint-session-the-congress-the-state-the-union,George W. Bush,2007
address-before-joint-session-the-congress-the-state-the-union-13.txt,https://www.presidency.ucsb.edu/documents/address-before-joint-session-the-congress-the-state-the-union-13,George W. Bush,2006
address-before-joint-session-the-congress-the-state-the-union-14.txt,https://www.presidency.ucsb.edu/documents/address-before-joint-session-the-congress-the-state-the-union-14,George W. Bush,2005
address-before-joint-session-the-congress-the-state-the-union-24.txt,https://www.presidency.ucsb.edu/documents/address-before-joint-session-the-congress-the-state-the-union-24,George W. Bush,2004
address-before-joint-session-the-congress-the-state-the-union-23.txt,https://www.presidency.ucsb.edu/documents/address-before-joint-session-the-congress-the-state-the-union-23,George W. Bush,2003
address-before-joint-session-the-congress-the-state-the-union-22.txt,https://www.presidency.ucsb.edu/documents/address-before-joint-session-the-congress-the-state-the-union-22,George W. Bush,2002
address-before-joint-session-the-congress-the-state-the-union-7.txt,https://www.presidency.ucsb.edu/documents/address-before-joint-session-the-congress-the-state-the-union-7,William J. Clinton,2000
address-before-joint-session-the-congress-the-state-the-union-6.txt,https://www.presidency.ucsb.edu/documents/address-before-joint-session-the-congress-the-state-the-union-6,William J. Clinton,1999
address-before-joint-session-the-congress-the-state-the-union-8.txt,https://www.presidency.ucsb.edu/documents/address-before-joint-session-the-congress-the-state-the-union-8,William J. Clinton,1998
address-before-joint-session-the-congress-the-state-the-union-9.txt,https://www.presidency.ucsb.edu/documents/address-before-joint-session-the-congress-the-state-the-union-9,William J. Clinton,1997
address-before-joint-session-the-congress-the-state-the-union-10.txt,https://www.presidency.ucsb.edu/documents/address-before-joint-session-the-congress-the-state-the-union-10,William J. Clinton,1996
address-before-joint-session-the-congress-the-state-the-union-11.txt,https://www.presidency.ucsb.edu/documents/address-before-joint-session-the-congress-the-state-the-union-11,William J. Clinton,1995
address-before-joint-session-the-congress-the-state-the-union-12.txt,https://www.presidency.ucsb.edu/documents/address-before-joint-session-the-congress-the-state-the-union-12,William J. Clinton,1994
address-before-joint-session-the-congress-the-state-the-union-0.txt,https://www.presidency.ucsb.edu/documents/address-before-joint-session-the-congress-the-state-the-union-0,George Bush,1992
address-before-joint-session-the-congress-the-state-the-union-1.txt,https://www.presidency.ucsb.edu/documents/address-before-joint-session-the-congress-the-state-the-union-1,George Bush,1991
address-before-joint-session-the-congress-the-state-the-union-2.txt,https://www.presidency.ucsb.edu/documents/address-before-joint-session-the-congress-the-state-the-union-2,George Bush,1990
address-before-joint-session-congress-the-state-the-union-0.txt,https://www.presidency.ucsb.edu/documents/address-before-joint-session-congress-the-state-the-union-0,Ronald Reagan,1988
address-before-joint-session-congress-the-state-the-union-1.txt,https://www.presidency.ucsb.edu/documents/address-before-joint-session-congress-the-state-the-union-1,Ronald Reagan,1987
address-before-joint-session-congress-the-state-the-union.txt,https://www.presidency.ucsb.edu/documents/address-before-joint-session-congress-the-state-the-union,Ronald Reagan,1986
address-before-joint-session-the-congress-the-state-the-union-5.txt,https://www.presidency.ucsb.edu/documents/address-before-joint-session-the-congress-the-state-the-union-5,Ronald Reagan,1985
address-before-joint-session-the-congress-the-state-the-union-4.txt,https://www.presidency.ucsb.edu/documents/address-before-joint-session-the-congress-the-state-the-union-4,Ronald Reagan,1984
address-before-joint-session-the-congress-the-state-the-union-3.txt,https://www.presidency.ucsb.edu/documents/address-before-joint-session-the-congress-the-state-the-union-3,Ronald Reagan,1983
address-before-joint-session-the-congress-reporting-the-state-the-union-2.txt,https://www.presidency.ucsb.edu/documents/address-before-joint-session-the-congress-reporting-the-state-the-union-2,Ronald Reagan,1982
the-state-the-union-address-delivered-before-joint-session-the-congress.txt,https://www.presidency.ucsb.edu/documents/the-state-the-union-address-delivered-before-joint-session-the-congress,Jimmy Carter,1980
the-state-the-union-address-delivered-before-joint-session-the-congress-0.txt,https://www.presidency.ucsb.edu/documents/the-state-the-union-address-delivered-before-joint-session-the-congress-0,Jimmy Carter,1979
the-state-the-union-address-delivered-before-joint-session-the-congress-1.txt,https://www.presidency.ucsb.edu/documents/the-state-the-union-address-delivered-before-joint-session-the-congress-1,Jimmy Carter,1978
address-before-joint-session-the-congress-reporting-the-state-the-union-0.txt,https://www.presidency.ucsb.edu/documents/address-before-joint-session-the-congress-reporting-the-state-the-union-0,Gerald R. Ford,1977
address-before-joint-session-the-congress-reporting-the-state-the-union.txt,https://www.presidency.ucsb.edu/documents/address-before-joint-session-the-congress-reporting-the-state-the-union,Gerald R. Ford,1976
address-before-joint-session-the-congress-reporting-the-state-the-union-1.txt,https://www.presidency.ucsb.edu/documents/address-before-joint-session-the-congress-reporting-the-state-the-union-1,Gerald R. Ford,1975
address-the-state-the-union-delivered-before-joint-session-the-congress.txt,https://www.presidency.ucsb.edu/documents/address-the-state-the-union-delivered-before-joint-session-the-congress,Richard Nixon,1974
address-the-state-the-union-delivered-before-joint-session-the-congress-0.txt,https://www.presidency.ucsb.edu/documents/address-the-state-the-union-delivered-before-joint-session-the-congress-0,Richard Nixon,1972
annual-message-the-congress-the-state-the-union-1.txt,https://www.presidency.ucsb.edu/documents/annual-message-the-congress-the-state-the-union-1,Richard Nixon,1971
annual-message-the-congress-the-state-the-union-2.txt,https://www.presidency.ucsb.edu/documents/annual-message-the-congress-the-state-the-union-2,Richard Nixon,1970
annual-message-the-congress-the-state-the-union-30.txt,https://www.presidency.ucsb.edu/documents/annual-message-the-congress-the-state-the-union-30,Lyndon B. Johnson,1969
annual-message-the-congress-the-state-the-union-29.txt,https://www.presidency.ucsb.edu/documents/annual-message-the-congress-the-state-the-union-29,Lyndon B. Johnson,1968
annual-message-the-congress-the-state-the-union-28.txt,https://www.presidency.ucsb.edu/documents/annual-message-the-congress-the-state-the-union-28,Lyndon B. Johnson,1967
annual-message-the-congress-the-state-the-union-27.txt,https://www.presidency.ucsb.edu/documents/annual-message-the-congress-the-state-the-union-27,Lyndon B. Johnson,1966
annual-message-the-congress-the-state-the-union-26.txt,https://www.presidency.ucsb.edu/documents/annual-message-the-congress-the-state-the-union-26,Lyndon B. Johnson,1965
annual-message-the-congress-the-state-the-union-25.txt,https://www.presidency.ucsb.edu/documents/annual-message-the-congress-the-state-the-union-25,Lyndon B. Johnson,1964
annual-message-the-congress-the-state-the-union-3.txt,https://www.presidency.ucsb.edu/documents/annual-message-the-congress-the-state-the-union-3,John F. Kennedy,1963
annual-message-the-congress-the-state-the-union-4.txt,https://www.presidency.ucsb.edu/documents/annual-message-the-congress-the-state-the-union-4,John F. Kennedy,1962
annual-message-the-congress-the-state-the-union-5.txt,https://www.presidency.ucsb.edu/documents/annual-message-the-congress-the-state-the-union-5,John F. Kennedy,1961
annual-message-the-congress-the-state-the-union-6.txt,https://www.presidency.ucsb.edu/documents/annual-message-the-congress-the-state-the-union-6,Dwight D. Eisenhower,1960
annual-message-the-congress-the-state-the-union-8.txt,https://www.presidency.ucsb.edu/documents/annual-message-the-congress-the-state-the-union-8,Dwight D. Eisenhower,1959
annual-message-the-congress-the-state-the-union-10.txt,https://www.presidency.ucsb.edu/documents/annual-message-the-congress-the-state-the-union-10,Dwight D. Eisenhower,1958
annual-message-the-congress-the-state-the-union-9.txt,https://www.presidency.ucsb.edu/documents/annual-message-the-congress-the-state-the-union-9,Dwight D. Eisenhower,1957
annual-message-the-congress-the-state-the-union-12.txt,https://www.presidency.ucsb.edu/documents/annual-message-the-congress-the-state-the-union-12,Dwight D. Eisenhower,1955
annual-message-the-congress-the-state-the-union-13.txt,https://www.presidency.ucsb.edu/documents/annual-message-the-congress-the-state-the-union-13,Dwight D. Eisenhower,1954
annual-message-the-congress-the-state-the-union-16.txt,https://www.presidency.ucsb.edu/documents/annual-message-the-congress-the-state-the-union-16,Dwight D. Eisenhower,1953
annual-message-the-congress-the-state-the-union-17.txt,https://www.presidency.ucsb.edu/documents/annual-message-the-congress-the-state-the-union-17,Harry S Truman,1952
annual-message-the-congress-the-state-the-union-19.txt,https://www.presidency.ucsb.edu/documents/annual-message-the-congress-the-state-the-union-19,Harry S Truman,1951
annual-message-the-congress-the-state-the-union-20.txt,https://www.presidency.ucsb.edu/documents/annual-message-the-congress-the-state-the-union-20,Harry S Truman,1950
annual-message-the-congress-the-state-the-union-21.txt,https://www.presidency.ucsb.edu/documents/annual-message-the-congress-the-state-the-union-21,Harry S Truman,1949
annual-message-the-congress-the-state-the-union-14.txt,https://www.presidency.ucsb.edu/documents/annual-message-the-congress-the-state-the-union-14,Harry S Truman,1948
annual-message-the-congress-the-state-the-union-15.txt,https://www.presidency.ucsb.edu/documents/annual-message-the-congress-the-state-the-union-15,Harry S Truman,1947
state-the-union-address-0.txt,https://www.presidency.ucsb.edu/documents/state-the-union-address-0,Franklin D. Roosevelt,1943
state-the-union-address-1.txt,https://www.presidency.ucsb.edu/documents/state-the-union-address-1,Franklin D. Roosevelt,1942
annual-message-congress-the-state-the-union-four-freedoms-speech.txt,https://www.presidency.ucsb.edu/documents/annual-message-congress-the-state-the-union-four-freedoms-speech,Franklin D. Roosevelt,1941
annual-message-the-congress.txt,https://www.presidency.ucsb.edu/documents/annual-message-the-congress,Franklin D. Roosevelt,1940
annual-message-congress.txt,https://www.presidency.ucsb.edu/documents/annual-message-congress,Franklin D. Roosevelt,1939
annual-message-congress-0.txt,https://www.presidency.ucsb.edu/documents/annual-message-congress-0,Franklin D. Roosevelt,1938
annual-message-congress-1.txt,https://www.presidency.ucsb.edu/documents/annual-message-congress-1,Franklin D. Roosevelt,1937
annual-message-congress-2.txt,https://www.presidency.ucsb.edu/documents/annual-message-congress-2,Franklin D. Roosevelt,1936
annual-message-congress-3.txt,https://www.presidency.ucsb.edu/documents/annual-message-congress-3,Franklin D. Roosevelt,1935
annual-message-congress-4.txt,https://www.presidency.ucsb.edu/documents/annual-message-congress-4,Franklin D. Roosevelt,1934
first-annual-message-20.txt,https://www.presidency.ucsb.edu/documents/first-annual-message-20,Calvin Coolidge,1923
second-annual-message-20.txt,https://www.presidency.ucsb.edu/documents/second-annual-message-20,Warren G. Harding,1922
first-annual-message-19.txt,https://www.presidency.ucsb.edu/documents/first-annual-message-19,Warren G. Harding,1921
sixth-annual-message-6.txt,https://www.presidency.ucsb.edu/documents/sixth-annual-message-6,Woodrow Wilson,1918
fifth-annual-message-6.txt,https://www.presidency.ucsb.edu/documents/fifth-annual-message-6,Woodrow Wilson,1917
fourth-annual-message-18.txt,https://www.presidency.ucsb.edu/documents/fourth-annual-message-18,Woodrow Wilson,1916
third-annual-message-19.txt,https://www.presidency.ucsb.edu/documents/third-annual-message-19,Woodrow Wilson,1915
second-annual-message-19.txt,https://www.presidency.ucsb.edu/documents/second-annual-message-19,Woodrow Wilson,1914
first-annual-message-18.txt,https://www.presidency.ucsb.edu/documents/first-annual-message-18,Woodrow Wilson,1913
fourth-annual-address-congress.txt,https://www.presidency.ucsb.edu/documents/fourth-annual-address-congress,John Adams,
third-annual-address-congress.txt,https://www.presidency.ucsb.edu/documents/third-annual-address-congress,John Adams,
second-annual-address-congress.txt,https://www.presidency.ucsb.edu/documents/second-annual-address-congress,John Adams,
first-annual-address-congress.txt,https://www.presidency.ucsb.edu/documents/first-annual-address-congress,John Adams,
eighth-annual-address-congress.txt,https://www.presidency.ucsb.edu/documents/eighth-annual-address-congress,George Washington,
seventh-annual-address-congress.txt,https://www.presidency.ucsb.edu/documents/seventh-annual-address-congress,George Washington,
sixth-annual-address-congress.txt,https://www.presidency.ucsb.edu/documents/sixth-annual-address-congress,George Washington,
fifth-annual-address-congress.txt,https://www.presidency.ucsb.edu/documents/fifth-annual-address-congress,George Washington,
fourth-annual-address-congress-0.txt,https://www.presidency.ucsb.edu/documents/fourth-annual-address-congress-0,George Washington,
third-annual-address-congress-0.txt,https://www.presidency.ucsb.edu/documents/third-annual-address-congress-0,George Washington,
second-annual-address-congress-0.txt,https://www.presidency.ucsb.edu/documents/second-annual-address-congress-0,George Washington,
first-annual-address-congress-0.txt,https://www.presidency.ucsb.edu/documents/first-annual-address-congress-0,George Washington,
inaugural-address-54.txt,https://www.presidency.ucsb.edu/documents/inaugural-address-54,Donald J. Trump (2nd Term),2025
inaugural-address-53.txt,https://www.presidency.ucsb.edu/documents/inaugural-address-53,"Joseph R. Biden, Jr.",2021
inaugural-address-14.txt,https://www.presidency.ucsb.edu/documents/inaugural-address-14,Donald J. Trump (1st Term),2017
inaugural-address-15.txt,https://www.presidency.ucsb.edu/documents/inaugural-address-15,Barack Obama,2013
inaugural-address-5.txt,https://www.presidency.ucsb.edu/documents/inaugural-address-5,Barack Obama,2009
inaugural-address-13.txt,https://www.presidency.ucsb.edu/documents/inaugural-address-13,George W. Bush,2005
inaugural-address-52.txt,https://www.presidency.ucsb.edu/documents/inaugural-address-52,George W. Bush,2001
inaugural-address-12.txt,https://www.presidency.ucsb.edu/documents/inaugural-address-12,William J. Clinton,1997
inaugural-address-51.txt,https://www.presidency.ucsb.edu/documents/inaugural-address-51,William J. Clinton,1993
inaugural-address.txt,https://www.presidency.ucsb.edu/documents/inaugural-address,George Bush,1989
inaugural-address-10.txt,https://www.presidency.ucsb.edu/documents/inaugural-address-10,Ronald Reagan,1985
inaugural-address-11.txt,https://www.presidency.ucsb.edu/documents/inaugural-address-11,Ronald Reagan,1981
inaugural-address-0.txt,https://www.presidency.ucsb.edu/documents/inaugural-address-0,Jimmy Carter,1977
oath-office-and-second-inaugural-address.txt,https://www.presidency.ucsb.edu/documents/oath-office-and-second-inaugural-address,Richard Nixon,1973
inaugural-address-1.txt,https://www.presidency.ucsb.edu/documents/inaugural-address-1,Richard Nixon,1969
the-presidents-inaugural-address.txt,https://www.presidency.ucsb.edu/documents/the-presidents-inaugural-address,Lyndon B. Johnson,1965
inaugural-address-2.txt,https://www.presidency.ucsb.edu/documents/inaugural-address-2,John F. Kennedy,1961
second-inaugural-address.txt,https://www.presidency.ucsb.edu/documents/second-inaugural-address,Dwight D. Eisenhower,1957
inaugural-address-3.txt,https://www.presidency.ucsb.edu/documents/inaugural-address-3,Dwight D. Eisenhower,1953
inaugural-address-4.txt,https://www.presidency.ucsb.edu/documents/inaugural-address-4,Harry S Truman,1949
letter-from-the-speaker-the-house-representatives-inviting-the-president-address-the-1.txt,https://www.presidency.ucsb.edu/documents/letter-from-the-speaker-the-house-representatives-inviting-the-president-address-the-1,U.S. Congress,2026
letter-from-the-speaker-the-house-representatives-inviting-the-president-address-the-0.txt,https://www.presidency.ucsb.edu/documents/letter-from-the-speaker-the-house-representatives-inviting-the-president-address-the-0,U.S. Congress,2025
address-before-joint-session-the-congress-president-volodymyr-zelenskyy-ukraine-0.txt,https://www.presidency.ucsb.edu/documents/address-before-joint-session-the-congress-president-volodymyr-zelenskyy-ukraine-0,U.S. Congress,2022
address-before-joint-session-the-congress-president-volodymyr-zelenskyy-ukraine.txt,https://www.presidency.ucsb.edu/documents/address-before-joint-session-the-congress-president-volodymyr-zelenskyy-ukraine,U.S. Congress,2022
letter-from-the-speaker-the-house-representatives-inviting-the-president-address-the.txt,https://www.presidency.ucsb.edu/documents/letter-from-the-speaker-the-house-representatives-inviting-the-president-address-the,U.S. Congress,2022
h-res-24-impeaching-donald-john-trump-president-the-united-states-for-high-crimes-and.txt,https://www.presidency.ucsb.edu/documents/h-res-24-impeaching-donald-john-trump-president-the-united-states-for-high-crimes-and,U.S. Congress,2021
h-res-21-calling-vice-president-michael-r-pence-convene-and-mobilize-the-principal.txt,https://www.presidency.ucsb.edu/documents/h-res-21-calling-vice-president-michael-r-pence-convene-and-mobilize-the-principal,U.S. Congress,2021
h-res-755-articles-impeachment-against-donald-john-trump.txt,https://www.presidency.ucsb.edu/documents/h-res-755-articles-impeachment-against-donald-john-trump,U.S. Congress,2019
articles-impeachment-adopted-the-house-representatives-committee-the-judiciary-0.txt,https://www.presidency.ucsb.edu/documents/articles-impeachment-adopted-the-house-representatives-committee-the-judiciary-0,U.S. Congress,1998
excerpts-the-report-congressional-committees-investigating-the-iran-contra-affair.txt,https://www.presidency.ucsb.edu/documents/excerpts-the-report-congressional-committees-investigating-the-iran-contra-affair,U.S. Congress,1987
articles-impeachment-adopted-the-house-representatives-committee-the-judiciary.txt,https://www.presidency.ucsb.edu/documents/articles-impeachment-adopted-the-house-representatives-committee-the-judiciary,U.S. Congress,1974
articles-impeachment-exhibited-the-house-representatives.txt,https://www.presidency.ucsb.edu/documents/articles-impeachment-exhibited-the-house-representatives,U.S. Congress,
let-this-be-the-time-that-the-world-comes-together-to-end-the-cycle-of-bloodshed-in-sudan-uk-statement-at-the-un-security-council.txt,https://www.gov.uk/government/speeches/let-this-be-the-time-that-the-world-comes-together-to-end-the-cycle-of-bloodshed-in-sudan-uk-statement-at-the-un-security-council,The Rt Hon Yvette Cooper MP,
a-two-state-solution-can-be-the-gateway-to-transform-the-region-with-normalisation-regional-integration-and-peaceful-coexistence-uk-statement-at-th.txt,https://www.gov.uk/government/speeches/a-two-state-solution-can-be-the-gateway-to-transform-the-region-with-normalisation-regional-integration-and-peaceful-coexistence-uk-statement-at-th,The Rt Hon Yvette Cooper MP,
the-uk-reiterates-its-strong-support-for-unsmil-in-advancing-an-inclusive-political-process-in-libya-uk-statement-at-the-un-security-council.txt,https://www.gov.uk/government/speeches/the-uk-reiterates-its-strong-support-for-unsmil-in-advancing-an-inclusive-political-process-in-libya-uk-statement-at-the-un-security-council,Archie Young CMG,
russia-must-engage-in-credible-risk-management-to-prevent-miscalculations-uk-statement-to-the-osce.txt,https://www.gov.uk/government/speeches/russia-must-engage-in-credible-risk-management-to-prevent-miscalculations-uk-statement-to-the-osce,,
au-summit-advancing-africas-health-security-and-sovereignty.txt,https://www.gov.uk/government/speeches/au-summit-advancing-africas-health-security-and-sovereignty,The Rt Hon Baroness Chapman of Darlington,
pm-speech-during-the-munich-security-conference-14-february.txt,https://www.gov.uk/government/speeches/pm-speech-during-the-munich-security-conference-14-february,The Rt Hon Sir Keir Starmer KCB KC MP,
the-uk-welcomes-the-agreement-reached-between-the-syrian-government-and-the-syrian-democratic-forces-to-bring-an-end-to-the-fighting-in-north-east-syr.txt,https://www.gov.uk/government/speeches/the-uk-welcomes-the-agreement-reached-between-the-syrian-government-and-the-syrian-democratic-forces-to-bring-an-end-to-the-fighting-in-north-east-syr,James Kariuki CMG,
consumer-protection-under-the-dmcca-progress-and-priorities.txt,https://www.gov.uk/government/speeches/consumer-protection-under-the-dmcca-progress-and-priorities,,
minister-lloyd-speech-at-techuk-future-telecoms-conference-2026.txt,https://www.gov.uk/government/speeches/minister-lloyd-speech-at-techuk-future-telecoms-conference-2026,Baroness Lloyd of Effra CBE,
environment-secretary-speech-on-food-security-resilience-and-standards.txt,https://www.gov.uk/government/speeches/environment-secretary-speech-on-food-security-resilience-and-standards,Emma Reynolds MP,
the-uk-fully-supports-the-new-governments-efforts-to-advance-security-stability-and-prosperity-for-the-yemeni-people-uk-statement-at-the-un-securit.txt,https://www.gov.uk/government/speeches/the-uk-fully-supports-the-new-governments-efforts-to-advance-security-stability-and-prosperity-for-the-yemeni-people-uk-statement-at-the-un-securit,James Kariuki CMG,
attorney-generals-speech-at-great-synagogue-sydney.txt,https://www.gov.uk/government/speeches/attorney-generals-speech-at-great-synagogue-sydney,The Rt Hon Lord Hermer KC,
minister-narayan-ai-speech-at-founders-forum.txt,https://www.gov.uk/government/speeches/minister-narayan-ai-speech-at-founders-forum,Kanishka Narayan MP,
correcting-russias-false-claims-about-the-osce-uk-statement-to-the-osce.txt,https://www.gov.uk/government/speeches/correcting-russias-false-claims-about-the-osce-uk-statement-to-the-osce,Neil Holland,
russias-escalating-attacks-on-ukrainian-civilians-violate-international-humanitarian-law-uk-statement-to-the-osce.txt,https://www.gov.uk/government/speeches/russias-escalating-attacks-on-ukrainian-civilians-violate-international-humanitarian-law-uk-statement-to-the-osce,,
environment-secretary-at-economist-water-summit.txt,https://www.gov.uk/government/speeches/environment-secretary-at-economist-water-summit,Emma Reynolds MP,
george-bradshaw-address-2026.txt,https://www.gov.uk/government/speeches/george-bradshaw-address-2026,The Rt Hon Heidi Alexander MP,
the-uk-condemns-the-escalating-military-offensives-across-south-sudan-since-last-march-uk-statement-at-the-un-security-council.txt,https://www.gov.uk/government/speeches/the-uk-condemns-the-escalating-military-offensives-across-south-sudan-since-last-march-uk-statement-at-the-un-security-council,Archie Young CMG,
pm-remarks-in-welwyn-garden-city-10-february.txt,https://www.gov.uk/government/speeches/pm-remarks-in-welwyn-garden-city-10-february,The Rt Hon Sir Keir Starmer KCB KC MP,
osce-conference-on-tackling-antisemitism-st-gallen-2026-uk-statement.txt,https://www.gov.uk/government/speeches/osce-conference-on-tackling-antisemitism-st-gallen-2026-uk-statement,,
core-group-statement-for-the-interactive-dialogue-on-the-oral-update-of-the-ohchr-on-the-human-rights-situation-in-the-sudan.txt,https://www.gov.uk/government/speeches/core-group-statement-for-the-interactive-dialogue-on-the-oral-update-of-the-ohchr-on-the-human-rights-situation-in-the-sudan,Eleanor Sanders,
updates-on-standards-in-public-life.txt,https://www.gov.uk/government/speeches/updates-on-standards-in-public-life,The Rt Hon Darren Jones MP,
the-gambias-wto-trade-policy-review-uk-statement-february-2026.txt,https://www.gov.uk/government/speeches/the-gambias-wto-trade-policy-review-uk-statement-february-2026,Kumar Iyer CMG,
the-meaningful-participation-of-women-in-un-policing-is-an-operational-necessity-uk-statement-at-the-un-security-council.txt,https://www.gov.uk/government/speeches/the-meaningful-participation-of-women-in-un-policing-is-an-operational-necessity-uk-statement-at-the-un-security-council,Archie Young CMG,
sudan-foreign-secretarys-statement-5-february-2026.txt,https://www.gov.uk/government/speeches/sudan-foreign-secretarys-statement-5-february-2026,The Rt Hon Yvette Cooper MP,
pm-remarks-in-hastings-5-february.txt,https://www.gov.uk/government/speeches/pm-remarks-in-hastings-5-february,The Rt Hon Sir Keir Starmer KCB KC MP,
russia-could-signal-a-willingness-to-move-from-coercion-to-constructive-engagement-by-ending-its-strikes-on-ukraines-energy-infrastructure-uk-statem.txt,https://www.gov.uk/government/speeches/russia-could-signal-a-willingness-to-move-from-coercion-to-constructive-engagement-by-ending-its-strikes-on-ukraines-energy-infrastructure-uk-statem,James Ford,
report-of-the-cranston-inquiry.txt,https://www.gov.uk/government/speeches/report-of-the-cranston-inquiry,The Rt Hon Heidi Alexander MP,
secretary-of-state-keynote-uk-trade-and-export-finance-forum.txt,https://www.gov.uk/government/speeches/secretary-of-state-keynote-uk-trade-and-export-finance-forum,The Rt Hon Peter Kyle MP,
sir-martyn-olivers-speech-at-the-sixth-form-colleges-association.txt,https://www.gov.uk/government/speeches/sir-martyn-olivers-speech-at-the-sixth-form-colleges-association,Sir Martyn Oliver,
we-will-continue-to-disrupt-the-activities-of-daeshs-networks-uk-statement-at-the-un-security-council.txt,https://www.gov.uk/government/speeches/we-will-continue-to-disrupt-the-activities-of-daeshs-networks-uk-statement-at-the-un-security-council,Chris Elmore MP,
defra-secretary-of-state-ipbes-12-speech.txt,https://www.gov.uk/government/speeches/defra-secretary-of-state-ipbes-12-speech,Emma Reynolds MP,
health-secretary-wes-streeting-launches-national-cancer-plan.txt,https://www.gov.uk/government/speeches/health-secretary-wes-streeting-launches-national-cancer-plan,The Rt Hon Wes Streeting MP,
russia-prioritises-disinformation-over-energy-ceasefire-uk-statement-to-the-osce.txt,https://www.gov.uk/government/speeches/russia-prioritises-disinformation-over-energy-ceasefire-uk-statement-to-the-osce,,
upr51-uk-statement-on-australia.txt,https://www.gov.uk/government/speeches/upr51-uk-statement-on-australia,Eleanor Sanders,
transfer-of-west-midlands-trains-services-into-public-ownership.txt,https://www.gov.uk/government/speeches/transfer-of-west-midlands-trains-services-into-public-ownership,Lord Hendy of Richmond Hill CBE,
uk-statement-to-the-extraordinary-iaea-board-of-governors-meeting-january-2026.txt,https://www.gov.uk/government/speeches/uk-statement-to-the-extraordinary-iaea-board-of-governors-meeting-january-2026,Ian Millar,
liz-kendalls-speech-at-bio-industry-association.txt,https://www.gov.uk/government/speeches/liz-kendalls-speech-at-bio-industry-association,The Rt Hon Liz Kendall MP,
we-are-pleased-that-this-resolution-maintains-the-missions-existing-resource-on-protection-of-women-and-children-who-are-particularly-vulnerable-to.txt,https://www.gov.uk/government/speeches/we-are-pleased-that-this-resolution-maintains-the-missions-existing-resource-on-protection-of-women-and-children-who-are-particularly-vulnerable-to,Archie Young CMG,
government-response-to-parliamentary-and-health-service-ombudsmans-phso-investigation-into-womens-state-pension-age-communications-and-associated.txt,https://www.gov.uk/government/speeches/government-response-to-parliamentary-and-health-service-ombudsmans-phso-investigation-into-womens-state-pension-age-communications-and-associated,The Rt Hon Pat McFadden MP,
government-response-to-parliamentary-and-health-service-ombudsman-phso-report.txt,https://www.gov.uk/government/speeches/government-response-to-parliamentary-and-health-service-ombudsman-phso-report,The Rt Hon Liz Kendall MP,
osce-moscow-mechanism-invocation-georgia-january-2026.txt,https://www.gov.uk/government/speeches/osce-moscow-mechanism-invocation-georgia-january-2026,,
the-facts-show-russias-victory-in-ukraine-is-far-from-inevitable-uk-statement-to-the-osce.txt,https://www.gov.uk/government/speeches/the-facts-show-russias-victory-in-ukraine-is-far-from-inevitable-uk-statement-to-the-osce,,
holocaust-memorial-day-2026-uk-statement-to-the-osce.txt,https://www.gov.uk/government/speeches/holocaust-memorial-day-2026-uk-statement-to-the-osce,James Ford,
russias-war-was-driven-by-its-own-deliberate-choices-uk-statement-to-the-osce.txt,https://www.gov.uk/government/speeches/russias-war-was-driven-by-its-own-deliberate-choices-uk-statement-to-the-osce,Neil Holland,
minister-mcdonald-speech-at-ads-annual-dinner-2026.txt,https://www.gov.uk/government/speeches/minister-mcdonald-speech-at-ads-annual-dinner-2026,Chris McDonald MP,
minister-pollard-speech-at-ads-annual-dinner-2026.txt,https://www.gov.uk/government/speeches/minister-pollard-speech-at-ads-annual-dinner-2026,Luke Pollard MP,
the-uk-remains-committed-to-supporting-implementation-of-resolution-2803-and-forging-a-peaceful-future-for-israelis-and-palestinians-uk-statement-at.txt,https://www.gov.uk/government/speeches/the-uk-remains-committed-to-supporting-implementation-of-resolution-2803-and-forging-a-peaceful-future-for-israelis-and-palestinians-uk-statement-at,James Kariuki CMG,
liz-kendalls-speech-at-bloomberg.txt,https://www.gov.uk/government/speeches/liz-kendalls-speech-at-bloomberg,The Rt Hon Liz Kendall MP,
new-bill-to-prioritise-uk-medical-graduates-for-nhs-training.txt,https://www.gov.uk/government/speeches/new-bill-to-prioritise-uk-medical-graduates-for-nhs-training,The Rt Hon Wes Streeting MP,
we-welcome-the-continued-commitment-of-this-council-to-the-hodeidah-and-stockholm-agreements-uk-explanation-of-vote-at-the-un-security-council.txt,https://www.gov.uk/government/speeches/we-welcome-the-continued-commitment-of-this-council-to-the-hodeidah-and-stockholm-agreements-uk-explanation-of-vote-at-the-un-security-council,Archie Young CMG,
upr51-uk-statement-on-austria.txt,https://www.gov.uk/government/speeches/upr51-uk-statement-on-austria,Eleanor Sanders,
the-uk-stands-firm-in-our-support-for-the-institutions-which-defend-and-advance-the-international-rule-of-law-uk-statement-at-the-un-security-council.txt,https://www.gov.uk/government/speeches/the-uk-stands-firm-in-our-support-for-the-institutions-which-defend-and-advance-the-international-rule-of-law-uk-statement-at-the-un-security-council,James Kariuki CMG,
upr51-uk-statement-on-georgia.txt,https://www.gov.uk/government/speeches/upr51-uk-statement-on-georgia,Kumar Iyer CMG,
holocaust-memorial-day-2026-foreign-secretary-speech.txt,https://www.gov.uk/government/speeches/holocaust-memorial-day-2026-foreign-secretary-speech,The Rt Hon Yvette Cooper MP,
the-uk-urges-full-implementation-of-colombias-2016-peace-agreement-uk-statement-at-the-un-security-council.txt,https://www.gov.uk/government/speeches/the-uk-urges-full-implementation-of-colombias-2016-peace-agreement-uk-statement-at-the-un-security-council,James Kariuki CMG,
secretary-of-states-speech-to-the-national-society-conference.txt,https://www.gov.uk/government/speeches/secretary-of-states-speech-to-the-national-society-conference,The Rt Hon Bridget Phillipson MP,
un-human-rights-council-special-session-to-address-the-deteriorating-human-rights-situation-in-the-islamic-republic-of-iran-23-january-2026.txt,https://www.gov.uk/government/speeches/un-human-rights-council-special-session-to-address-the-deteriorating-human-rights-situation-in-the-islamic-republic-of-iran-23-january-2026,Eleanor Sanders,
culture-secretary-speech-at-15-billion-arts-everywhere-funding-announcement.txt,https://www.gov.uk/government/speeches/culture-secretary-speech-at-15-billion-arts-everywhere-funding-announcement,The Rt Hon Lisa Nandy MP,
the-uk-is-deeply-concerned-about-events-in-north-east-syria-uk-statement-at-the-un-security-council.txt,https://www.gov.uk/government/speeches/the-uk-is-deeply-concerned-about-events-in-north-east-syria-uk-statement-at-the-un-security-council,James Kariuki CMG,
minister-lloyd-cyber-security-speech-at-biba-insurance-conference.txt,https://www.gov.uk/government/speeches/minister-lloyd-cyber-security-speech-at-biba-insurance-conference,Baroness Lloyd of Effra CBE,
russias-escalating-assault-shows-no-intent-to-seek-peace-uk-statement-to-the-osce.txt,https://www.gov.uk/government/speeches/russias-escalating-assault-shows-no-intent-to-seek-peace-uk-statement-to-the-osce,James Ford,
uk-response-to-the-president-of-the-osce-parliamentary-assembly-uk-statement-to-the-osce.txt,https://www.gov.uk/government/speeches/uk-response-to-the-president-of-the-osce-parliamentary-assembly-uk-statement-to-the-osce,James Ford,
the-united-kingdom-remains-deeply-concerned-by-the-expansion-and-intensification-of-violence-in-haiti-uk-statement-at-the-un-security-council.txt,https://www.gov.uk/government/speeches/the-united-kingdom-remains-deeply-concerned-by-the-expansion-and-intensification-of-violence-in-haiti-uk-statement-at-the-un-security-council,Archie Young CMG,
defence-secretary-denmark-press-conference.txt,https://www.gov.uk/government/speeches/defence-secretary-denmark-press-conference,The Rt Hon John Healey MP,
russia-escalates-ukraine-war-as-civilian-strikes-and-casualties-mount-uk-statement-to-the-osce.txt,https://www.gov.uk/government/speeches/russia-escalates-ukraine-war-as-civilian-strikes-and-casualties-mount-uk-statement-to-the-osce,James Ford,
education-secretary-speech-at-bett-uk-conference.txt,https://www.gov.uk/government/speeches/education-secretary-speech-at-bett-uk-conference,The Rt Hon Bridget Phillipson MP,
minister-lloyd-speech-on-software-security-and-cyber-resilience.txt,https://www.gov.uk/government/speeches/minister-lloyd-speech-on-software-security-and-cyber-resilience,Baroness Lloyd of Effra CBE,
secretary-of-state-statement-to-the-house-of-commons-20-january.txt,https://www.gov.uk/government/speeches/secretary-of-state-statement-to-the-house-of-commons-20-january,The Rt Hon Liz Kendall MP,
upr51-uk-statement-on-lebanon.txt,https://www.gov.uk/government/speeches/upr51-uk-statement-on-lebanon,Eleanor Sanders,
move-fast-fix-things.txt,https://www.gov.uk/government/speeches/move-fast-fix-things,The Rt Hon Darren Jones MP,
the-sudanese-people-deserve-justice-and-we-welcome-the-ongoing-role-of-the-icc-in-achieving-that-goal-uk-statement-at-the-un-security-council.txt,https://www.gov.uk/government/speeches/the-sudanese-people-deserve-justice-and-we-welcome-the-ongoing-role-of-the-icc-in-achieving-that-goal-uk-statement-at-the-un-security-council,,
asia-house-outlook-2026-keynote-speech.txt,https://www.gov.uk/government/speeches/asia-house-outlook-2026-keynote-speech,Seema Malhotra MP,
pm-remarks-on-greenland-19-january-2026.txt,https://www.gov.uk/government/speeches/pm-remarks-on-greenland-19-january-2026,The Rt Hon Sir Keir Starmer KCB KC MP,
education-secretary-speech-at-global-ai-safety-summit.txt,https://www.gov.uk/government/speeches/education-secretary-speech-at-global-ai-safety-summit,The Rt Hon Bridget Phillipson MP,
foreign-secretary-statement-to-the-house-on-greenland-and-wider-arctic-security.txt,https://www.gov.uk/government/speeches/foreign-secretary-statement-to-the-house-on-greenland-and-wider-arctic-security,The Rt Hon Yvette Cooper MP,
speech-for-un-association-80th-anniversary-of-united-nations-general-assembly-meeting.txt,https://www.gov.uk/government/speeches/speech-for-un-association-80th-anniversary-of-united-nations-general-assembly-meeting,The Rt Hon Lord Hermer KC,
the-deputy-prime-ministers-speech-to-100-year-partnership-event.txt,https://www.gov.uk/government/speeches/the-deputy-prime-ministers-speech-to-100-year-partnership-event,The Rt Hon David Lammy MP,
martyn-olivers-speech-at-the-livery-education-conference-2026.txt,https://www.gov.uk/government/speeches/martyn-olivers-speech-at-the-livery-education-conference-2026,Sir Martyn Oliver,
we-condemn-the-iranian-regimes-actions-in-the-strongest-possible-terms-uk-statement-at-the-un-security-council--2.txt,https://www.gov.uk/government/speeches/we-condemn-the-iranian-regimes-actions-in-the-strongest-possible-terms-uk-statement-at-the-un-security-council--2,Archie Young CMG,
the-uk-stands-ready-to-work-to-advance-the-secretary-generals-un80-reform-initiative-uk-statement-in-the-un-general-assembly.txt,https://www.gov.uk/government/speeches/the-uk-stands-ready-to-work-to-advance-the-secretary-generals-un80-reform-initiative-uk-statement-in-the-un-general-assembly,,
osce-chair-in-office-presents-priorities-for-2026-uk-statement-to-the-osce.txt,https://www.gov.uk/government/speeches/osce-chair-in-office-presents-priorities-for-2026-uk-statement-to-the-osce,Neil Holland,
russias-reckless-missile-attacks-expose-its-ongoing-obstruction-of-peace-efforts-uk-statement-to-the-osce.txt,https://www.gov.uk/government/speeches/russias-reckless-missile-attacks-expose-its-ongoing-obstruction-of-peace-efforts-uk-statement-to-the-osce,Neil Holland,
improving-accessibility-at-railway-stations-across-britain.txt,https://www.gov.uk/government/speeches/improving-accessibility-at-railway-stations-across-britain,Lord Hendy of Richmond Hill CBE,
disunity-in-southern-yemen-is-in-no-ones-interests-and-only-undermines-efforts-towards-lasting-peace-and-prosperity-for-the-yemeni-people-uk-stateme.txt,https://www.gov.uk/government/speeches/disunity-in-southern-yemen-is-in-no-ones-interests-and-only-undermines-efforts-towards-lasting-peace-and-prosperity-for-the-yemeni-people-uk-stateme,James Kariuki CMG,
delivering-northern-powerhouse-rail.txt,https://www.gov.uk/government/speeches/delivering-northern-powerhouse-rail,The Rt Hon Heidi Alexander MP,
defence-secretary-sweden-press-conference-opening-remarks.txt,https://www.gov.uk/government/speeches/defence-secretary-sweden-press-conference-opening-remarks,The Rt Hon John Healey MP,
foreign-secretary-statement-on-iran-13-january-2026.txt,https://www.gov.uk/government/speeches/foreign-secretary-statement-on-iran-13-january-2026,The Rt Hon Yvette Cooper MP,
secretary-of-states-keynote-institute-for-government-speech.txt,https://www.gov.uk/government/speeches/secretary-of-states-keynote-institute-for-government-speech,The Rt Hon Wes Streeting MP,
russias-use-of-oreshnik-hypersonic-missile-should-be-universally-condemned-uk-statement-at-the-un-security-council--2.txt,https://www.gov.uk/government/speeches/russias-use-of-oreshnik-hypersonic-missile-should-be-universally-condemned-uk-statement-at-the-un-security-council--2,James Kariuki CMG,
secretary-of-state-statement-to-the-house-of-commons-12-january-2026.txt,https://www.gov.uk/government/speeches/secretary-of-state-statement-to-the-house-of-commons-12-january-2026,The Rt Hon Liz Kendall MP,
wto-general-council-december-2025-uk-statement.txt,https://www.gov.uk/government/speeches/wto-general-council-december-2025-uk-statement,Kumar Iyer CMG,
improving-local-roads-and-highways.txt,https://www.gov.uk/government/speeches/improving-local-roads-and-highways,The Rt Hon Heidi Alexander MP,
we-welcome-the-syrian-leaderships-commitment-to-eradicate-chemical-weapons-uk-statement-at-the-un-security-council.txt,https://www.gov.uk/government/speeches/we-welcome-the-syrian-leaderships-commitment-to-eradicate-chemical-weapons-uk-statement-at-the-un-security-council,,
secretary-of-states-address-to-2026-oxford-farming-conference.txt,https://www.gov.uk/government/speeches/secretary-of-states-address-to-2026-oxford-farming-conference,Emma Reynolds MP,
pavement-parking-consultation-government-response.txt,https://www.gov.uk/government/speeches/pavement-parking-consultation-government-response,Lilian Greenwood MP,
defence-secretary-statement-on-us-interception-of-bella-1-and-coalition-of-the-willing-meeting.txt,https://www.gov.uk/government/speeches/defence-secretary-statement-on-us-interception-of-bella-1-and-coalition-of-the-willing-meeting,The Rt Hon John Healey MP,
pm-remarks-after-coalition-of-the-willing-meeting-6-january-2026.txt,https://www.gov.uk/government/speeches/pm-remarks-after-coalition-of-the-willing-meeting-6-january-2026,The Rt Hon Sir Keir Starmer KCB KC MP,
minister-for-the-middle-east-statement-regional-update.txt,https://www.gov.uk/government/speeches/minister-for-the-middle-east-statement-regional-update,Hamish Falconer MP,
the-united-kingdom-wants-to-see-a-safe-and-peaceful-transition-to-a-legitimate-government-that-reflects-the-will-of-the-venezuelan-people-uk-statemen.txt,https://www.gov.uk/government/speeches/the-united-kingdom-wants-to-see-a-safe-and-peaceful-transition-to-a-legitimate-government-that-reflects-the-will-of-the-venezuelan-people-uk-statemen,James Kariuki CMG,
diversity-canadas-strength.txt,https://www.pm.gc.ca/en/news/speeches/2015/11/26/diversity-canadas-strength,,2015
canadas-national-statement-cop21.txt,https://www.pm.gc.ca/en/news/speeches/2015/11/30/canadas-national-statement-cop21,,2015
prime-minister-justin-trudeau-delivers-speech-assembly-first-nations.txt,https://www.pm.gc.ca/en/news/speeches/2015/12/08/prime-minister-justin-trudeau-delivers-speech-assembly-first-nations,,2015
canadian-opportunity.txt,https://www.pm.gc.ca/en/news/speeches/2016/01/20/canadian-opportunity,,2016
prime-minister-justin-trudeau-new-approach-address-ongoing-crises-iraq-and.txt,https://www.pm.gc.ca/en/news/speeches/2016/02/08/prime-minister-justin-trudeau-new-approach-address-ongoing-crises-iraq-and,,2016
prime-ministers-remarks-state-dinner-official-visit-united-states.txt,https://www.pm.gc.ca/en/news/speeches/2016/03/10/prime-ministers-remarks-state-dinner-official-visit-united-states,,2016
opening-ceremony-signing-ceremony-paris-agreement.txt,https://www.pm.gc.ca/en/news/speeches/2016/04/22/opening-ceremony-signing-ceremony-paris-agreement,,2016
ivote-event-university-ottawa.txt,https://www.pm.gc.ca/en/news/speeches/2016/04/19/ivote-event-university-ottawa,,2016
komagata-maru-apology-house-commons.txt,https://www.pm.gc.ca/en/news/speeches/2016/05/18/komagata-maru-apology-house-commons,,2016
prime-ministers-remarks-canada-china-business-council-during-official.txt,https://www.pm.gc.ca/en/news/speeches/2016/09/01/prime-ministers-remarks-canada-china-business-council-during-official,,2016
prime-minister-justin-trudeaus-address-71st-session-united-nations-general.txt,https://www.pm.gc.ca/en/news/speeches/2016/09/20/prime-minister-justin-trudeaus-address-71st-session-united-nations-general,,2016
prime-minister-justin-trudeau-delivers-speech-pricing-carbon-pollution.txt,https://www.pm.gc.ca/en/news/speeches/2016/10/03/prime-minister-justin-trudeau-delivers-speech-pricing-carbon-pollution,,2016
prime-minister-justin-trudeau-announces-oceans-protection-plan.txt,https://www.pm.gc.ca/en/news/speeches/2016/11/07/prime-minister-justin-trudeau-announces-oceans-protection-plan,,2016
prime-minister-justin-trudeaus-opening-keynote-speech-summit.txt,https://www.pm.gc.ca/en/news/speeches/2016/11/26/prime-minister-justin-trudeaus-opening-keynote-speech-summit,,2016
prime-minister-justin-trudeaus-pipeline-announcement.txt,https://www.pm.gc.ca/en/news/speeches/2016/11/29/prime-minister-justin-trudeaus-pipeline-announcement,,2016
prime-minister-justin-trudeaus-speech-assembly-first-nations-special.txt,https://www.pm.gc.ca/en/news/speeches/2016/12/06/prime-minister-justin-trudeaus-speech-assembly-first-nations-special,,2016
prime-ministers-house-statement-terrorist-attack-quebec.txt,https://www.pm.gc.ca/en/news/speeches/2017/01/30/prime-ministers-house-statement-terrorist-attack-quebec,,2017
address-prime-minister-justin-trudeau-european-parliament.txt,https://www.pm.gc.ca/en/news/speeches/2017/02/16/address-prime-minister-justin-trudeau-european-parliament,,2017
address-prime-minister-justin-trudeau-st-matthews-day-banquet-hamburg.txt,https://www.pm.gc.ca/en/news/speeches/2017/02/17/address-prime-minister-justin-trudeau-st-matthews-day-banquet-hamburg,,2017
pm-speaking-notes-annual-international-gathering-energy-industry-leaders.txt,https://www.pm.gc.ca/en/news/speeches/2017/03/09/pm-speaking-notes-annual-international-gathering-energy-industry-leaders,,2017
address-prime-minister-justin-trudeau-commemorating-100th-anniversary.txt,https://www.pm.gc.ca/en/news/speeches/2017/04/09/address-prime-minister-justin-trudeau-commemorating-100th-anniversary,,2017
canada-day-address-prime-minister-justin-trudeau-parliament-hill.txt,https://www.pm.gc.ca/en/news/speeches/2017/07/01/canada-day-address-prime-minister-justin-trudeau-parliament-hill,,2017
remarks-prime-minister-announce-canadas-next-governor-general-ms-julie.txt,https://www.pm.gc.ca/en/news/speeches/2017/07/13/remarks-prime-minister-announce-canadas-next-governor-general-ms-julie,,2017
prime-minister-justin-trudeaus-address-72th-session-united-nations-general.txt,https://www.pm.gc.ca/en/news/speeches/2017/09/21/prime-minister-justin-trudeaus-address-72th-session-united-nations-general,,2017
remarks-prime-minister-justin-trudeau-apologize-behalf-government-canada.txt,https://www.pm.gc.ca/en/news/speeches/2017/11/24/remarks-prime-minister-justin-trudeau-apologize-behalf-government-canada,,2017
remarks-prime-minister-justin-trudeau-apologize-lgbtq2-canadians.txt,https://www.pm.gc.ca/en/news/speeches/2017/11/28/remarks-prime-minister-justin-trudeau-apologize-lgbtq2-canadians,,2017
prime-minister-keynote-speech-world-economic-forum-2018.txt,https://www.pm.gc.ca/en/news/speeches/2018/01/23/prime-minister-keynote-speech-world-economic-forum-2018,,2018
speech-prime-minister-justin-trudeau-ronald-reagan-presidential-library.txt,https://www.pm.gc.ca/en/news/speeches/2018/02/09/speech-prime-minister-justin-trudeau-ronald-reagan-presidential-library,,2018
remarks-prime-minister-house-commons-recognition-and-implementation-rights.txt,https://www.pm.gc.ca/en/news/speeches/2018/02/14/remarks-prime-minister-house-commons-recognition-and-implementation-rights,,2018
prime-ministers-statement-trans-mountain-pipeline-project.txt,https://www.pm.gc.ca/en/news/speeches/2018/04/15/prime-ministers-statement-trans-mountain-pipeline-project,,2018
prime-ministers-speech-french-national-assembly.txt,https://www.pm.gc.ca/en/news/speeches/2018/04/17/prime-ministers-speech-french-national-assembly,,2018
pm-speaking-notes-nyu-commencement-address.txt,https://www.pm.gc.ca/en/news/speeches/2018/05/16/pm-speaking-notes-nyu-commencement-address,,2018
pm-speaking-notes-egale-leadership-award.txt,https://www.pm.gc.ca/en/news/speeches/2018/05/24/pm-speaking-notes-egale-leadership-award,,2018
remarks-prime-minister-canada-steel-and-aluminum-tariffs-imposed-united.txt,https://www.pm.gc.ca/en/news/speeches/2018/05/31/remarks-prime-minister-canada-steel-and-aluminum-tariffs-imposed-united,,2018
pm-remarks-nelson-mandela-peace-summit-united-nations.txt,https://www.pm.gc.ca/en/news/speeches/2018/09/24/pm-remarks-nelson-mandela-peace-summit-united-nations,,2018
prime-minister-trudeau-and-minister-freeland-speaking-notes-united-states.txt,https://www.pm.gc.ca/en/news/speeches/2018/10/01/prime-minister-trudeau-and-minister-freeland-speaking-notes-united-states,,2018
prime-ministers-speaking-notes-pollution-pricing-announcement.txt,https://www.pm.gc.ca/en/news/speeches/2018/10/23/prime-ministers-speaking-notes-pollution-pricing-announcement,,2018
statement-apology-behalf-government-canada-passengers-ms-st-louis.txt,https://www.pm.gc.ca/en/news/speeches/2018/11/07/statement-apology-behalf-government-canada-passengers-ms-st-louis,,2018
prime-ministers-remarks-vimy-ridge-memorial-veterans.txt,https://www.pm.gc.ca/en/news/speeches/2018/11/10/prime-ministers-remarks-vimy-ridge-memorial-veterans,,2018
pm-speaking-notes-assembly-first-nations.txt,https://www.pm.gc.ca/en/news/speeches/2018/12/04/pm-speaking-notes-assembly-first-nations,,2018
prime-minister-trudeaus-address-yom-kippur.txt,https://www.pm.gc.ca/en/news/speeches/2016/10/11/prime-minister-trudeaus-address-yom-kippur,,2019
pm-remarks-lunar-gateway.txt,https://www.pm.gc.ca/en/news/speeches/2019/02/27/pm-remarks-lunar-gateway,,2019
statement-apology-behalf-government-canada-inuit-management-tuberculosis.txt,https://www.pm.gc.ca/en/news/speeches/2019/03/08/statement-apology-behalf-government-canada-inuit-management-tuberculosis,,2019
pm-speech-house-commons-new-zealand-mosque-shootings.txt,https://www.pm.gc.ca/en/news/speeches/2019/03/19/pm-speech-house-commons-new-zealand-mosque-shootings,,2019
statement-exoneration-chief-poundmaker.txt,https://www.pm.gc.ca/en/news/speeches/2019/05/23/statement-exoneration-chief-poundmaker,,2019
prime-ministers-remarks-national-inquiry-missing-and-murdered-indigenous.txt,https://www.pm.gc.ca/en/news/speeches/2019/06/03/prime-ministers-remarks-national-inquiry-missing-and-murdered-indigenous,,2019
prime-ministers-speaking-notes-plastics-announcement.txt,https://www.pm.gc.ca/en/news/speeches/2019/06/10/prime-ministers-speaking-notes-plastics-announcement,,2019
deputy-prime-ministers-remarks-new-nafta.txt,https://www.pm.gc.ca/en/news/speeches/2019/12/10/deputy-prime-ministers-remarks-new-nafta,,1969
prime-ministers-remarks-fatal-plane-crash-iran.txt,https://www.pm.gc.ca/en/news/speeches/2020/01/08/prime-ministers-remarks-fatal-plane-crash-iran,,2020
prime-ministers-remarks-updating-canadians-fatal-plane-crash-iran.txt,https://www.pm.gc.ca/en/news/speeches/2020/01/09/prime-ministers-remarks-updating-canadians-fatal-plane-crash-iran,,2020
prime-ministers-remarks-updating-canadians-latest-developments-iran.txt,https://www.pm.gc.ca/en/news/speeches/2020/01/11/prime-ministers-remarks-updating-canadians-latest-developments-iran,,2020
prime-minister-justin-trudeau-updates-canadians-about-flight-ps752-tragedy.txt,https://www.pm.gc.ca/en/news/speeches/2020/01/17/prime-minister-justin-trudeau-updates-canadians-about-flight-ps752-tragedy,,2020
prime-ministers-remarks-house-tribute-victims-ukraine-international.txt,https://www.pm.gc.ca/en/news/speeches/2020/01/27/prime-ministers-remarks-house-tribute-victims-ukraine-international,,2020
deputy-prime-minister-remarks-second-reading-legislation-implement-new.txt,https://www.pm.gc.ca/en/news/speeches/2020/01/30/deputy-prime-minister-remarks-second-reading-legislation-implement-new,,1969
prime-ministers-speech-universite-cheikh-anta-diop-senegal.txt,https://www.pm.gc.ca/en/news/speeches/2020/02/13/prime-ministers-speech-universite-cheikh-anta-diop-senegal,,2020
prime-ministers-remarks-munich-security-conference.txt,https://www.pm.gc.ca/en/news/speeches/2020/02/14/prime-ministers-remarks-munich-security-conference,,2020
prime-ministers-speech-house-commons-about-blockades.txt,https://www.pm.gc.ca/en/news/speeches/2020/02/18/prime-ministers-speech-house-commons-about-blockades,,2020
deputy-prime-minister-remarks-legislation-implement-new-nafta-standing.txt,https://www.pm.gc.ca/en/news/speeches/2020/02/18/deputy-prime-minister-remarks-legislation-implement-new-nafta-standing,,1969
prime-ministers-remarks-media-availability-national-press-theatre.txt,https://www.pm.gc.ca/en/news/speeches/2020/02/21/prime-ministers-remarks-media-availability-national-press-theatre,,2020
prime-ministers-remarks-global-mineral-exploration-and-mining-convention.txt,https://www.pm.gc.ca/en/news/speeches/2020/03/02/prime-ministers-remarks-global-mineral-exploration-and-mining-convention,,2020
prime-ministers-remarks-canadas-response-covid-19.txt,https://www.pm.gc.ca/en/news/speeches/2020/03/11/prime-ministers-remarks-canadas-response-covid-19,,2020
prime-ministers-remarks-updating-canadians-covid-19.txt,https://www.pm.gc.ca/en/news/speeches/2020/03/13/prime-ministers-remarks-updating-canadians-covid-19,,2020
prime-ministers-remarks-canadas-evolving-response-covid-19.txt,https://www.pm.gc.ca/en/news/speeches/2020/03/16/prime-ministers-remarks-canadas-evolving-response-covid-19,,2020
prime-ministers-remarks-updating-canadians-about-covid-19-and-social.txt,https://www.pm.gc.ca/en/news/speeches/2020/03/17/prime-ministers-remarks-updating-canadians-about-covid-19-and-social,,1969
prime-ministers-remarks-announcing-covid-19-economic-response-plan.txt,https://www.pm.gc.ca/en/news/speeches/2020/03/18/prime-ministers-remarks-announcing-covid-19-economic-response-plan,,1969
prime-ministers-remarks-updating-canadians-about-covid-19-and-new-measures.txt,https://www.pm.gc.ca/en/news/speeches/2020/03/19/prime-ministers-remarks-updating-canadians-about-covid-19-and-new-measures,,2020
prime-ministers-remarks-announcing-canadas-plan-mobilize-industry-fight.txt,https://www.pm.gc.ca/en/news/speeches/2020/03/20/prime-ministers-remarks-announcing-canadas-plan-mobilize-industry-fight,,2020
prime-ministers-remarks-efforts-bring-canadians-home-abroad.txt,https://www.pm.gc.ca/en/news/speeches/2020/03/21/prime-ministers-remarks-efforts-bring-canadians-home-abroad,,2020
prime-ministers-remarks-updating-canadians-and-thanking-them-helping-fight.txt,https://www.pm.gc.ca/en/news/speeches/2020/03/22/prime-ministers-remarks-updating-canadians-and-thanking-them-helping-fight,,2020
prime-ministers-remarks-announcing-support-research-covid-19.txt,https://www.pm.gc.ca/en/news/speeches/2020/03/23/prime-ministers-remarks-announcing-support-research-covid-19,,2020
prime-ministers-remarks-updating-canadians-measures-respond-covid-19.txt,https://www.pm.gc.ca/en/news/speeches/2020/03/24/prime-ministers-remarks-updating-canadians-measures-respond-covid-19,,2020
prime-ministers-remarks-canada-emergency-response-benefit-and-covid-19.txt,https://www.pm.gc.ca/en/news/speeches/2020/03/25/prime-ministers-remarks-canada-emergency-response-benefit-and-covid-19,,2020
prime-ministers-remarks-updating-canadians-covid-19-situation.txt,https://www.pm.gc.ca/en/news/speeches/2020/03/26/prime-ministers-remarks-updating-canadians-covid-19-situation,,1969
prime-ministers-remarks-announcing-additional-support-small-and-medium.txt,https://www.pm.gc.ca/en/news/speeches/2020/03/27/prime-ministers-remarks-announcing-additional-support-small-and-medium,,2020
prime-ministers-remarks-announcing-additional-support-vulnerable-canadians.txt,https://www.pm.gc.ca/en/news/speeches/2020/03/29/prime-ministers-remarks-announcing-additional-support-vulnerable-canadians,,2020
prime-ministers-remarks-workers-and-business-owners-facing-challenges-due.txt,https://www.pm.gc.ca/en/news/speeches/2020/03/30/prime-ministers-remarks-workers-and-business-owners-facing-challenges-due,,2020
prime-ministers-remarks-health-care-supplies-and-equipment.txt,https://www.pm.gc.ca/en/news/speeches/2020/03/31/prime-ministers-remarks-health-care-supplies-and-equipment,,1969
prime-ministers-remarks-updating-canadians-rollout-canada-emergency.txt,https://www.pm.gc.ca/en/news/speeches/2020/04/01/prime-ministers-remarks-updating-canadians-rollout-canada-emergency,,2020
prime-ministers-remarks-incoming-supplies-and-coordinated-efforts-fight.txt,https://www.pm.gc.ca/en/news/speeches/2020/04/02/prime-ministers-remarks-incoming-supplies-and-coordinated-efforts-fight,,2020
prime-ministers-remarks-announcing-support-food-banks-and-local-food.txt,https://www.pm.gc.ca/en/news/speeches/2020/04/03/prime-ministers-remarks-announcing-support-food-banks-and-local-food,,2020
prime-ministers-remarks-updating-canadians-supplies-and-support-shelters.txt,https://www.pm.gc.ca/en/news/speeches/2020/04/04/prime-ministers-remarks-updating-canadians-supplies-and-support-shelters,,2020
prime-ministers-remarks-thanking-workers-and-all-canadians-helping-their.txt,https://www.pm.gc.ca/en/news/speeches/2020/04/05/prime-ministers-remarks-thanking-workers-and-all-canadians-helping-their,,2020
prime-ministers-remarks-canada-emergency-response-benefit-and-additional.txt,https://www.pm.gc.ca/en/news/speeches/2020/04/06/prime-ministers-remarks-canada-emergency-response-benefit-and-additional,,2020
prime-ministers-remarks-production-more-medical-supplies-and-equipment.txt,https://www.pm.gc.ca/en/news/speeches/2020/04/07/prime-ministers-remarks-production-more-medical-supplies-and-equipment,,2020
prime-ministers-remarks-support-businesses-and-students-affected-covid-19.txt,https://www.pm.gc.ca/en/news/speeches/2020/04/08/prime-ministers-remarks-support-businesses-and-students-affected-covid-19,,2020
prime-ministers-remarks-updating-canadians-modelling-covid-19-situation.txt,https://www.pm.gc.ca/en/news/speeches/2020/04/09/prime-ministers-remarks-updating-canadians-modelling-covid-19-situation,,2020
prime-ministers-remarks-updating-canadians-covid-19-situation.txt,https://www.pm.gc.ca/en/news/speeches/2020/04/10/prime-ministers-remarks-updating-canadians-covid-19-situation,,2020
prime-ministers-speech-house-commons-canadas-response-covid-19-pandemic.txt,https://www.pm.gc.ca/en/news/speeches/2020/04/11/prime-ministers-speech-house-commons-canadas-response-covid-19-pandemic,,2020
prime-ministers-remarks-health-and-social-support-northern-communities.txt,https://www.pm.gc.ca/en/news/speeches/2020/04/14/prime-ministers-remarks-health-and-social-support-northern-communities,,2020
prime-ministers-remarks-expansion-canada-emergency-response-benefit-and.txt,https://www.pm.gc.ca/en/news/speeches/2020/04/15/prime-ministers-remarks-expansion-canada-emergency-response-benefit-and,,2020
prime-ministers-remarks-additional-support-small-businesses-during-covid.txt,https://www.pm.gc.ca/en/news/speeches/2020/04/16/prime-ministers-remarks-additional-support-small-businesses-during-covid,,2020
prime-ministers-remarks-announcing-more-help-small-businesses-and-arts.txt,https://www.pm.gc.ca/en/news/speeches/2020/04/17/prime-ministers-remarks-announcing-more-help-small-businesses-and-arts,,2020
prime-ministers-remarks-support-indigenous-businesses.txt,https://www.pm.gc.ca/en/news/speeches/2020/04/18/prime-ministers-remarks-support-indigenous-businesses,,2020
prime-ministers-remarks-shooting-portapique-nova-scotia-and-updates-covid.txt,https://www.pm.gc.ca/en/news/speeches/2020/04/19/prime-ministers-remarks-shooting-portapique-nova-scotia-and-updates-covid,,2020
prime-ministers-remarks-shooting-portapique-nova-scotia.txt,https://www.pm.gc.ca/en/news/speeches/2020/04/20/prime-ministers-remarks-shooting-portapique-nova-scotia,,1969
prime-ministers-address-house-commons-following-tragic-losses-nova-scotia.txt,https://www.pm.gc.ca/en/news/speeches/2020/04/20/prime-ministers-address-house-commons-following-tragic-losses-nova-scotia,,1969
prime-ministers-announcement-emergency-community-support-fund.txt,https://www.pm.gc.ca/en/news/speeches/2020/04/21/prime-ministers-announcement-emergency-community-support-fund,,2020
prime-ministers-remarks-support-students-and-new-grads-affected-covid-19.txt,https://www.pm.gc.ca/en/news/speeches/2020/04/22/prime-ministers-remarks-support-students-and-new-grads-affected-covid-19,,2020
prime-ministers-remarks-new-support-covid-19-medical-research-and-vaccine.txt,https://www.pm.gc.ca/en/news/speeches/2020/04/23/prime-ministers-remarks-new-support-covid-19-medical-research-and-vaccine,,2020
prime-ministers-remarks-introducing-canada-emergency-commercial-rent.txt,https://www.pm.gc.ca/en/news/speeches/2020/04/24/prime-ministers-remarks-introducing-canada-emergency-commercial-rent,,2020
australian-education-union-federal-conference.txt,https://www.pm.gov.au/media/australian-education-union-federal-conference,Anthony Albanese MP,2026
ministry-remarks-melbourne.txt,https://www.pm.gov.au/media/ministry-remarks-melbourne,Anthony Albanese MP,2026
chinese-new-year.txt,https://www.pm.gov.au/media/chinese-new-year,Anthony Albanese MP,2026
radio-interview-nova-melbourne-2.txt,https://www.pm.gov.au/media/radio-interview-nova-melbourne-2,Anthony Albanese MP,2026
radio-interview-abc-sydney-19.txt,https://www.pm.gov.au/media/radio-interview-abc-sydney-19,Anthony Albanese MP,2026
doorstop-ramadan-night-market-dandenong.txt,https://www.pm.gov.au/media/doorstop-ramadan-night-market-dandenong,Anthony Albanese MP,2026
radio-interview-3aw-melbourne-4.txt,https://www.pm.gov.au/media/radio-interview-3aw-melbourne-4,Anthony Albanese MP,2026
press-conference-latrobe-tasmania.txt,https://www.pm.gov.au/media/press-conference-latrobe-tasmania,Anthony Albanese MP,2026
radio-interview-hit-1009-hobart-0.txt,https://www.pm.gov.au/media/radio-interview-hit-1009-hobart-0,Anthony Albanese MP,2026
radio-interview-abc-northern-tasmania-0.txt,https://www.pm.gov.au/media/radio-interview-abc-northern-tasmania-0,Anthony Albanese MP,2026
doorstop-melbourne-9.txt,https://www.pm.gov.au/media/doorstop-melbourne-9,Anthony Albanese MP,2026
doorstop-royal-childrens-hospital-melbourne.txt,https://www.pm.gov.au/media/doorstop-royal-childrens-hospital-melbourne,Anthony Albanese MP,2026
radio-interview-abc-radio-melbourne-8.txt,https://www.pm.gov.au/media/radio-interview-abc-radio-melbourne-8,Anthony Albanese MP,2026
television-interview-abc-news-breakfast-35.txt,https://www.pm.gov.au/media/television-interview-abc-news-breakfast-35,Anthony Albanese MP,2026
radio-interview-triple-m-melbourne.txt,https://www.pm.gov.au/media/radio-interview-triple-m-melbourne,Anthony Albanese MP,2026
henson-park-saved-generations-come.txt,https://www.pm.gov.au/media/henson-park-saved-generations-come,Anthony Albanese MP,2026
press-conference-osborne-sa.txt,https://www.pm.gov.au/media/press-conference-osborne-sa,Anthony Albanese MP,2026
albanese-and-malinauskas-governments-back-submarine-building-sa.txt,https://www.pm.gov.au/media/albanese-and-malinauskas-governments-back-submarine-building-sa,Anthony Albanese MP,2026
nsw-country-labor-conference-0.txt,https://www.pm.gov.au/media/nsw-country-labor-conference-0,Anthony Albanese MP,2026
transcript-podcast-inside-politics.txt,https://www.pm.gov.au/media/transcript-podcast-inside-politics,Anthony Albanese MP,2026
apology-stolen-generations-anniversary-breakfast-0.txt,https://www.pm.gov.au/media/apology-stolen-generations-anniversary-breakfast-0,Anthony Albanese MP,2026
closing-gap.txt,https://www.pm.gov.au/media/closing-gap,Anthony Albanese MP,2026
radio-interview-fiveaa-adelaide-2.txt,https://www.pm.gov.au/media/radio-interview-fiveaa-adelaide-2,Anthony Albanese MP,2026
new-investments-build-progress-closing-gap.txt,https://www.pm.gov.au/media/new-investments-build-progress-closing-gap,Anthony Albanese MP,2026
opening-remarks-parliament-house-canberra-1.txt,https://www.pm.gov.au/media/opening-remarks-parliament-house-canberra-1,Anthony Albanese MP,2026
radio-interview-triple-m-hobart-6.txt,https://www.pm.gov.au/media/radio-interview-triple-m-hobart-6,Anthony Albanese MP,2026
radio-interview-b105-brisbane-7.txt,https://www.pm.gov.au/media/radio-interview-b105-brisbane-7,Anthony Albanese MP,2026
radio-interview-nova-sydney-4.txt,https://www.pm.gov.au/media/radio-interview-nova-sydney-4,Anthony Albanese MP,2026
press-conference-ellenbrook-western-australia.txt,https://www.pm.gov.au/media/press-conference-ellenbrook-western-australia,Anthony Albanese MP,2026
australia-and-indonesia-sign-historic-security-treaty.txt,https://www.pm.gov.au/media/australia-and-indonesia-sign-historic-security-treaty,Anthony Albanese MP,2026
press-conference-jakarta-indonesia.txt,https://www.pm.gov.au/media/press-conference-jakarta-indonesia,Anthony Albanese MP,2026
joint-media-statement-jakarta-indonesia.txt,https://www.pm.gov.au/media/joint-media-statement-jakarta-indonesia,Anthony Albanese MP,2026
visit-indonesia.txt,https://www.pm.gov.au/media/visit-indonesia,Anthony Albanese MP,2026
appointment-new-secretary-department-employment-and-workplace-relations.txt,https://www.pm.gov.au/media/appointment-new-secretary-department-employment-and-workplace-relations,Anthony Albanese MP,2026
statement-house-representatives.txt,https://www.pm.gov.au/media/statement-house-representatives,Anthony Albanese MP,2026
international-womens-day.txt,https://www.pm.gov.au/media/international-womens-day,Anthony Albanese MP,2026
doorstop-st-pauls-anglican-church-canberra-0.txt,https://www.pm.gov.au/media/doorstop-st-pauls-anglican-church-canberra-0,Anthony Albanese MP,2026
last-post-ceremony-australian-war-memorial-canberra.txt,https://www.pm.gov.au/media/last-post-ceremony-australian-war-memorial-canberra,,
address-caucus-parliament-house-canberra.txt,https://www.pm.gov.au/media/address-caucus-parliament-house-canberra,,
press-conference-adelaide-7.txt,https://www.pm.gov.au/media/press-conference-adelaide-7,,
first-deal-struck-deliver-100000-new-homes-first-home-buyers.txt,https://www.pm.gov.au/media/first-deal-struck-deliver-100000-new-homes-first-home-buyers,,
press-conference-melbourne-11.txt,https://www.pm.gov.au/media/press-conference-melbourne-11,,
visit-australia-their-majesties-king-and-queen-denmark.txt,https://www.pm.gov.au/media/visit-australia-their-majesties-king-and-queen-denmark,,
additional-160-million-committed-support-recovery-fire-affected-communities.txt,https://www.pm.gov.au/media/additional-160-million-committed-support-recovery-fire-affected-communities,,
press-conference-sydney-27.txt,https://www.pm.gov.au/media/press-conference-sydney-27,,
record-funding-public-hospitals-and-disability-reform.txt,https://www.pm.gov.au/media/record-funding-public-hospitals-and-disability-reform,,
press-conference-cairns-3.txt,https://www.pm.gov.au/media/press-conference-cairns-3,,
strengthening-our-partnership-timor-leste.txt,https://www.pm.gov.au/media/strengthening-our-partnership-timor-leste,,
address-national-parliament-timor-leste.txt,https://www.pm.gov.au/media/address-national-parliament-timor-leste,,
joint-declaration-establishing-parseria-foun-ba-era-foun-new-partnership-new-era.txt,https://www.pm.gov.au/media/joint-declaration-establishing-parseria-foun-ba-era-foun-new-partnership-new-era,,
visit-timor-leste.txt,https://www.pm.gov.au/media/visit-timor-leste,,
solemn-ceremony-bestow-order-timor-leste.txt,https://www.pm.gov.au/media/solemn-ceremony-bestow-order-timor-leste,,
press-conference-dili-timor-leste.txt,https://www.pm.gov.au/media/press-conference-dili-timor-leste,,
press-conference-darwin-1.txt,https://www.pm.gov.au/media/press-conference-darwin-1,,
albanese-labor-government-delivering-record-nt-healthcare.txt,https://www.pm.gov.au/media/albanese-labor-government-delivering-record-nt-healthcare,,
international-holocaust-remembrance-day-0.txt,https://www.pm.gov.au/media/international-holocaust-remembrance-day-0,,
doorstop-commonwealth-park-canberra.txt,https://www.pm.gov.au/media/doorstop-commonwealth-park-canberra,,
its-shared-bonds-are-our-nations-greatest-strength.txt,https://www.pm.gov.au/media/its-shared-bonds-are-our-nations-greatest-strength,,
national-citizenship-flag-raising-ceremony.txt,https://www.pm.gov.au/media/national-citizenship-flag-raising-ceremony,,
radio-interview-abc-radio-0.txt,https://www.pm.gov.au/media/radio-interview-abc-radio-0,,
