id,speech_id,file_name,segment_id,text,url,speaker,year,emotion_appeal,authority_appeal,polarization,presumption,exaggeration,rhetorical_framing
address-before-joint-session-the-congress-the-state-the-union-16-204,21,address-before-joint-session-the-congress-the-state-the-union-16.txt,204,The bipartisan fiscal commission I created last year made this crystal clear.,https://www.presidency.ucsb.edu/documents/address-before-joint-session-the-congress-the-state-the-union-16,Barack Obama,2011,0,1,0,0,0,0
address-before-joint-session-the-congress-the-state-the-union-6-154,40,address-before-joint-session-the-congress-the-state-the-union-6.txt,154,"For years and years and years, we've had this OPIC, this Overseas Private Investment Corporation, because we knew we had untapped markets overseas.",https://www.presidency.ucsb.edu/documents/address-before-joint-session-the-congress-the-state-the-union-6,William J. Clinton,1999,0,0,0,0,1,0
address-before-joint-session-the-congress-the-state-the-union-1-120,14,address-before-joint-session-the-congress-the-state-the-union-1.txt,120,Now we face another defining hour for America and the world.,https://www.presidency.ucsb.edu/documents/address-before-joint-session-the-congress-the-state-the-union-1,George Bush,1991,1,0,0,1,1,1
annual-message-the-congress-the-state-the-union-4-99,80,annual-message-the-congress-the-state-the-union-4.txt,99,For we offer a world of choice--they offer the world of coercion.,https://www.presidency.ucsb.edu/documents/annual-message-the-congress-the-state-the-union-4,John F. Kennedy,1962,1,0,1,1,1,1
address-before-joint-session-the-congress-the-state-the-union-20-199,26,address-before-joint-session-the-congress-the-state-the-union-20.txt,199,The Pentagon says that climate change poses immediate risks to our national security.,https://www.presidency.ucsb.edu/documents/address-before-joint-session-the-congress-the-state-the-union-20,Barack Obama,2015,0,1,0,0,0,0
prime-ministers-speech-house-commons-canadas-response-covid-19-pandemic-56,293,prime-ministers-speech-house-commons-canadas-response-covid-19-pandemic.txt,56,They showed us how to fight for what we believe in and how to sacrifice for what we hold dear.,https://www.pm.gc.ca/en/news/speeches/2020/04/11/prime-ministers-speech-house-commons-canadas-response-covid-19-pandemic,,2020,1,0,0,0,0,0
address-before-joint-session-the-congress-the-state-the-union-25-209,31,address-before-joint-session-the-congress-the-state-the-union-25.txt,209,"And in many cases, for them, it will now be Guantanamo Bay.",https://www.presidency.ucsb.edu/documents/address-before-joint-session-the-congress-the-state-the-union-25,Donald J. Trump (1st Term),2018,0,0,1,0,0,0
inaugural-address-14-56,158,inaugural-address-14.txt,56,No challenge can match the heart and fight and spirit of America.,https://www.presidency.ucsb.edu/documents/inaugural-address-14,Donald J. Trump (1st Term),2017,1,0,0,1,1,1
prime-ministers-speech-house-commons-canadas-response-covid-19-pandemic-42,293,prime-ministers-speech-house-commons-canadas-response-covid-19-pandemic.txt,42,"However, this holiday weekend also marks the coming of rebirth and new life.",https://www.pm.gc.ca/en/news/speeches/2020/04/11/prime-ministers-speech-house-commons-canadas-response-covid-19-pandemic,,2020,1,0,0,0,0,1
komagata-maru-apology-house-commons-26,175,komagata-maru-apology-house-commons.txt,26,"For the laws that discriminated against you, so senselessly.",https://www.pm.gc.ca/en/news/speeches/2016/05/18/komagata-maru-apology-house-commons,,2016,1,0,0,0,0,0
secretary-of-state-statement-to-the-house-of-commons-20-january-29,331,secretary-of-state-statement-to-the-house-of-commons-20-january.txt,29,Today I can confirm that we will also be developing evidence-based screen time guidance for parents of children aged 5 to 16.,https://www.gov.uk/government/speeches/secretary-of-state-statement-to-the-house-of-commons-20-january,The Rt Hon Liz Kendall MP,,0,0,0,0,0,0
address-before-joint-session-the-congress-the-state-the-union-22-49,28,address-before-joint-session-the-congress-the-state-the-union-22.txt,49,"Iran aggressively pursues these weapons and exports terror, while an unelected few repress the Iranian people's hope for freedom.",https://www.presidency.ucsb.edu/documents/address-before-joint-session-the-congress-the-state-the-union-22,George W. Bush,2002,1,0,1,1,0,0
pm-remarks-on-greenland-19-january-2026-53,209,pm-remarks-on-greenland-19-january-2026.txt,53,"That is why it’s important to be clear about who we stand with, what we stand for, and where our interests lie.",https://www.gov.uk/government/speeches/pm-remarks-on-greenland-19-january-2026,The Rt Hon Sir Keir Starmer KCB KC MP,,0,0,1,0,0,0
annual-message-congress-the-state-the-union-four-freedoms-speech-78,59,annual-message-congress-the-state-the-union-four-freedoms-speech.txt,78,The time is near when they will not be able to pay for them all in ready cash.,https://www.presidency.ucsb.edu/documents/annual-message-congress-the-state-the-union-four-freedoms-speech,Franklin D. Roosevelt,1941,0,0,1,0,0,0
address-before-joint-session-the-congress-president-volodymyr-zelenskyy-ukraine-0-84,7,address-before-joint-session-the-congress-president-volodymyr-zelenskyy-ukraine-0.txt,84,"Let this flag stay with you, ladies and gentlemen.",https://www.presidency.ucsb.edu/documents/address-before-joint-session-the-congress-president-volodymyr-zelenskyy-ukraine-0,U.S. Congress,2022,0,0,0,0,0,0
inaugural-address-15-63,159,inaugural-address-15.txt,63,"Our journey is not complete until all our children, from the streets of Detroit to the hills of Appalachia, to the quiet lanes of Newtown, know that they are cared for and cherished and always safe from harm.",https://www.presidency.ucsb.edu/documents/inaugural-address-15,Barack Obama,2013,1,0,0,0,0,1
statement-exoneration-chief-poundmaker-13,346,statement-exoneration-chief-poundmaker.txt,13,"In 1876, Poundmaker, now a headman or minor chief, was part of the Cree delegation at Fort Carlton where Treaty 6 was concluded with Alexander Morris, Lieutenant-Governor of the Northwest Territories and Treaty Commissioner.",https://www.pm.gc.ca/en/news/speeches/2019/05/23/statement-exoneration-chief-poundmaker,,2019,1,0,0,1,0,1
minister-narayan-ai-speech-at-founders-forum-109,189,minister-narayan-ai-speech-at-founders-forum.txt,109,"Within years, Acorn joined forces to spin out a small, asset-light chip design startup in a turkey barn in Cambridgeshire.",https://www.gov.uk/government/speeches/minister-narayan-ai-speech-at-founders-forum,Kanishka Narayan MP,2026,0,0,0,0,0,0
remarks-prime-minister-justin-trudeau-apologize-behalf-government-canada-10,312,remarks-prime-minister-justin-trudeau-apologize-behalf-government-canada.txt,10,"However, we know today that this colonial way of thinking led to practices that caused deep harm.",https://www.pm.gc.ca/en/news/speeches/2017/11/24/remarks-prime-minister-justin-trudeau-apologize-behalf-government-canada,,2017,1,0,0,1,0,0
prime-ministers-remarks-announcing-additional-support-vulnerable-canadians-37,244,prime-ministers-remarks-announcing-additional-support-vulnerable-canadians.txt,37,And we’re going to keep working with charities and non-profits on this.,https://www.pm.gc.ca/en/news/speeches/2020/03/29/prime-ministers-remarks-announcing-additional-support-vulnerable-canadians,,2020,0,0,0,0,0,0
inaugural-address-10-69,154,inaugural-address-10.txt,69,"Let us resolve that we, the people, will build an American opportunity society in which all of us—white and black, rich and poor, young and old—will go forward together, arm in arm.",https://www.presidency.ucsb.edu/documents/inaugural-address-10,Ronald Reagan,1985,1,1,0,0,0,1
address-before-joint-session-the-congress-reporting-the-state-the-union-0-2,9,address-before-joint-session-the-congress-reporting-the-state-the-union-0.txt,2,"This report will be my last--maybe--[ laughter ]--but for the Union it is only the first of such reports in our third century of independence, the close of which none of us will ever see.",https://www.presidency.ucsb.edu/documents/address-before-joint-session-the-congress-reporting-the-state-the-union-0,Gerald R. Ford,1977,0,0,0,0,0,1
the-state-the-union-address-delivered-before-joint-session-the-congress-0-12,356,the-state-the-union-address-delivered-before-joint-session-the-congress-0.txt,12,But the problems that we face today are different from those that confronted earlier generations of Americans.,https://www.presidency.ucsb.edu/documents/the-state-the-union-address-delivered-before-joint-session-the-congress-0,Jimmy Carter,1979,0,0,0,0,0,1
sir-martyn-olivers-speech-at-the-sixth-form-colleges-association-102,336,sir-martyn-olivers-speech-at-the-sixth-form-colleges-association.txt,102,"And if you are awarded ‘exceptional’ in any area – then please, please, share your brilliant practice.",https://www.gov.uk/government/speeches/sir-martyn-olivers-speech-at-the-sixth-form-colleges-association,Sir Martyn Oliver,,1,0,0,0,0,0
annual-message-the-congress-the-state-the-union-15-186,66,annual-message-the-congress-the-state-the-union-15.txt,186,"While the Constitution withholds from the Federal Government the major task of preserving peace in the several States, I am not convinced that the present legislation reached the limit of federal power to protect the civil rights of its citizens.",https://www.presidency.ucsb.edu/documents/annual-message-the-congress-the-state-the-union-15,Harry S Truman,1947,0,1,0,0,0,0
address-before-joint-session-the-congress-the-state-the-union-19-110,24,address-before-joint-session-the-congress-the-state-the-union-19.txt,110,Well—so tonight I'm announcing a new national effort to get it done.,https://www.presidency.ucsb.edu/documents/address-before-joint-session-the-congress-the-state-the-union-19,Barack Obama,2016,0,0,0,0,0,0
address-before-joint-session-the-congress-the-state-the-union-16-225,21,address-before-joint-session-the-congress-the-state-the-union-16.txt,225,[ Laughter ] I hear it gets even more complicated once they're smoked.,https://www.presidency.ucsb.edu/documents/address-before-joint-session-the-congress-the-state-the-union-16,Barack Obama,2011,0,0,0,0,0,0
first-annual-message-20-39,133,first-annual-message-20.txt,39,"Whenever there appears any disposition to compensate our citizens who were despoiled, and to recognize that debt contracted with our Government, not by the Czar, but by the newly formed Republic of Russia; whenever the active spirit of enmity to our institutions is abated; whenever there appear works mete for repentance; our country ought to be the first to go to the economic and moral rescue of Russia.",https://www.presidency.ucsb.edu/documents/first-annual-message-20,Calvin Coolidge,1923,1,0,1,0,0,1
address-before-joint-session-the-congress-the-state-the-union-27-231,33,address-before-joint-session-the-congress-the-state-the-union-27.txt,231,"So long as I am President, I will always protect your Second Amendment right to keep and bear arms.",https://www.presidency.ucsb.edu/documents/address-before-joint-session-the-congress-the-state-the-union-27,Donald J. Trump (1st Term),2020,1,1,0,0,0,0
address-the-state-the-union-delivered-before-joint-session-the-congress-183,51,address-the-state-the-union-delivered-before-joint-session-the-congress.txt,183,"And like every Member of the House and Senate, when I was elected to that office, I knew that I was elected for the purpose of doing a job and doing it as well as I possibly can.",https://www.presidency.ucsb.edu/documents/address-the-state-the-union-delivered-before-joint-session-the-congress,Richard Nixon,1974,0,0,0,1,0,0
annual-message-the-congress-the-state-the-union-27-135,75,annual-message-the-congress-the-state-the-union-27.txt,135,In Africa and Asia and Latin America it is shattering the designs of those who would subdue others to their ideas or their will.,https://www.presidency.ucsb.edu/documents/annual-message-the-congress-the-state-the-union-27,Lyndon B. Johnson,1966,1,0,1,0,1,1
address-before-joint-session-the-congress-the-state-the-union-7-198,41,address-before-joint-session-the-congress-the-state-the-union-7.txt,198,"Over the last 6 months, I've traveled to a lot of them, joined by many of you and many far-sighted business people, to shine a spotlight on the enormous potential in communities from Appalachia to the Mississippi Delta, from Watts to the Pine Ridge Reservation.",https://www.presidency.ucsb.edu/documents/address-before-joint-session-the-congress-the-state-the-union-7,William J. Clinton,2000,1,0,0,0,0,1
address-before-joint-session-the-congress-the-state-the-union-23-2,29,address-before-joint-session-the-congress-the-state-the-union-23.txt,2,"This year, we gather in this Chamber deeply aware of decisive days that lie ahead.",https://www.presidency.ucsb.edu/documents/address-before-joint-session-the-congress-the-state-the-union-23,George W. Bush,2003,1,0,0,0,0,1
prime-minister-justin-trudeaus-address-71st-session-united-nations-general-65,231,prime-minister-justin-trudeaus-address-71st-session-united-nations-general.txt,65,"Our citizens, the nearly 7.5 billion people we collectively serve, are better than the cynics and pessimists think they are.",https://www.pm.gc.ca/en/news/speeches/2016/09/20/prime-minister-justin-trudeaus-address-71st-session-united-nations-general,,2016,1,0,1,0,0,0
inaugural-address-1-68,153,inaugural-address-1.txt,68,"Over the past 20 years, since I first came to this Capital as a freshman Congressman, I have visited most of the nations of the world.",https://www.presidency.ucsb.edu/documents/inaugural-address-1,Richard Nixon,1969,0,0,0,0,0,0
pm-speech-during-the-munich-security-conference-14-february-115,214,pm-speech-during-the-munich-security-conference-14-february.txt,115,The future they offer is one of division and then capitulation.,https://www.gov.uk/government/speeches/pm-speech-during-the-munich-security-conference-14-february,The Rt Hon Sir Keir Starmer KCB KC MP,,1,0,1,0,1,1
inaugural-address-10-14,154,inaugural-address-10.txt,14,"But we, the present-day Americans, are not given to looking backward.",https://www.presidency.ucsb.edu/documents/inaugural-address-10,Ronald Reagan,1985,1,0,0,1,0,1
deputy-prime-ministers-remarks-new-nafta-4,112,deputy-prime-ministers-remarks-new-nafta.txt,4,"I am delighted that Canada, the United States, and Mexico will today take an important step towards ratification of the new NAFTA.",https://www.pm.gc.ca/en/news/speeches/2019/12/10/deputy-prime-ministers-remarks-new-nafta,,1969,1,0,0,0,0,0
secretary-of-states-address-to-2026-oxford-farming-conference-46,332,secretary-of-states-address-to-2026-oxford-farming-conference.txt,46,Bringing together farmers and financial institutions to tackle barriers to private investment.,https://www.gov.uk/government/speeches/secretary-of-states-address-to-2026-oxford-farming-conference,Emma Reynolds MP,,0,0,0,0,0,0
education-secretary-speech-at-global-ai-safety-summit-72,121,education-secretary-speech-at-global-ai-safety-summit.txt,72,"Let’s work together to shape the global consensus and support learners, young and old.",https://www.gov.uk/government/speeches/education-secretary-speech-at-global-ai-safety-summit,The Rt Hon Bridget Phillipson MP,,1,0,0,0,0,1
prime-ministers-speech-universite-cheikh-anta-diop-senegal-20,294,prime-ministers-speech-universite-cheikh-anta-diop-senegal.txt,20,"Here in Senegal, this connected generation – your generation – has emerged as a driving force of growth.",https://www.pm.gc.ca/en/news/speeches/2020/02/13/prime-ministers-speech-universite-cheikh-anta-diop-senegal,,2020,1,0,0,0,1,1
prime-minister-trudeau-and-minister-freeland-speaking-notes-united-states-37,237,prime-minister-trudeau-and-minister-freeland-speaking-notes-united-states.txt,37,"Especially and particularly, I have to thank every Canadian, and there were thousands of them, who wrote me letters and emails, and stopped me on the street to say, “Keep at it.",https://www.pm.gc.ca/en/news/speeches/2018/10/01/prime-minister-trudeau-and-minister-freeland-speaking-notes-united-states,,2018,1,0,0,0,0,0
george-bradshaw-address-2026-137,140,george-bradshaw-address-2026.txt,137,"I want more decisions made closer to the passenger, where GBR staff are entrusted to act when they see something going wrong.",https://www.gov.uk/government/speeches/george-bradshaw-address-2026,The Rt Hon Heidi Alexander MP,,0,0,0,0,0,0
inaugural-address-10-3,154,inaugural-address-10.txt,3,Representative Gillis Long of Louisiana left us last night.,https://www.presidency.ucsb.edu/documents/inaugural-address-10,Ronald Reagan,1985,0,0,0,0,0,0
prime-ministers-remarks-updating-canadians-fatal-plane-crash-iran-18,281,prime-ministers-remarks-updating-canadians-fatal-plane-crash-iran.txt,18,I spoke with Ukrainian President Volodymyr Zelenskyy earlier today and conveyed my condolences to the Ukrainians who perished in this tragedy.,https://www.pm.gc.ca/en/news/speeches/2020/01/09/prime-ministers-remarks-updating-canadians-fatal-plane-crash-iran,,2020,1,0,0,0,0,0
annual-message-congress-3-126,57,annual-message-congress-3.txt,126,"Let us not forget that, in addition to saving millions from utter destitution, child labor has been for the moment outlawed, thousands of homes saved to their owners and most important of all, the morale of the Nation has been restored.",https://www.presidency.ucsb.edu/documents/annual-message-congress-3,Franklin D. Roosevelt,1935,1,0,0,1,0,1
address-before-joint-session-the-congress-the-state-the-union-12-62,17,address-before-joint-session-the-congress-the-state-the-union-12.txt,62,"The people who supported this economic plan should be proud of its early results, proud.",https://www.presidency.ucsb.edu/documents/address-before-joint-session-the-congress-the-state-the-union-12,William J. Clinton,1994,1,0,0,1,0,0
address-before-joint-session-the-congress-the-state-the-union-26-184,32,address-before-joint-session-the-congress-the-state-the-union-26.txt,184,"That is why I announced that the United States is officially withdrawing from the Intermediate-Range Nuclear Forces Treaty, or INF Treaty.",https://www.presidency.ucsb.edu/documents/address-before-joint-session-the-congress-the-state-the-union-26,Donald J. Trump (1st Term),2019,0,1,0,0,0,0
seventh-annual-address-congress-28,335,seventh-annual-address-congress.txt,28,"The misled have abandoned their errors, and pay the respect to our Constitution and laws which is due from good citizens to the public authorities of the society.",https://www.presidency.ucsb.edu/documents/seventh-annual-address-congress,George Washington,,0,1,1,1,0,0
annual-message-the-congress-the-state-the-union-12-76,63,annual-message-the-congress-the-state-the-union-12.txt,76,It accelerates the continental defense program and the build-up of ready military reserve forces.,https://www.presidency.ucsb.edu/documents/annual-message-the-congress-the-state-the-union-12,Dwight D. Eisenhower,1955,0,0,0,0,0,0
prime-ministers-speech-house-commons-canadas-response-covid-19-pandemic-35,293,prime-ministers-speech-house-commons-canadas-response-covid-19-pandemic.txt,35,Our determination to beat this virus – our commitment to being there for one another – will be put to the test.,https://www.pm.gc.ca/en/news/speeches/2020/04/11/prime-ministers-speech-house-commons-canadas-response-covid-19-pandemic,,2020,1,0,0,0,0,1
second-annual-message-19-51,326,second-annual-message-19.txt,51,And how are we to get the ships if we wait for the trade to develop without them?,https://www.presidency.ucsb.edu/documents/second-annual-message-19,Woodrow Wilson,1914,0,0,0,1,0,0
prime-ministers-address-house-commons-following-tragic-losses-nova-scotia-23,239,prime-ministers-address-house-commons-following-tragic-losses-nova-scotia.txt,23,This horrific tragedy is happening at a time when Canadians from coast to coast to coast are making sacrifices to keep each other safe.,https://www.pm.gc.ca/en/news/speeches/2020/04/20/prime-ministers-address-house-commons-following-tragic-losses-nova-scotia,,1969,1,0,0,0,0,1
address-before-joint-session-the-congress-the-state-the-union-12-238,17,address-before-joint-session-the-congress-the-state-the-union-12.txt,238,"And as a result, the American people are more secure than they were before.",https://www.presidency.ucsb.edu/documents/address-before-joint-session-the-congress-the-state-the-union-12,William J. Clinton,1994,0,0,0,0,0,0
prime-ministers-remarks-canada-emergency-response-benefit-and-covid-19-11,252,prime-ministers-remarks-canada-emergency-response-benefit-and-covid-19.txt,11,We will have more details for you this week and other measures to announce.,https://www.pm.gc.ca/en/news/speeches/2020/03/25/prime-ministers-remarks-canada-emergency-response-benefit-and-covid-19,,2020,0,0,0,0,0,0
address-before-joint-session-congress-the-state-the-union-2-174,5,address-before-joint-session-congress-the-state-the-union-2.txt,174,And a whole lot of folks out there would probably need less help from government.,https://www.presidency.ucsb.edu/documents/address-before-joint-session-congress-the-state-the-union-2,Barack Obama,2013,0,0,0,1,0,0
annual-message-the-congress-the-state-the-union-6-63,82,annual-message-the-congress-the-state-the-union-6.txt,63,"Over the last fifteen years, twenty nations have gained political independence.",https://www.presidency.ucsb.edu/documents/annual-message-the-congress-the-state-the-union-6,Dwight D. Eisenhower,1960,0,0,0,0,0,0
address-before-joint-session-the-congress-the-state-the-union-29-109,35,address-before-joint-session-the-congress-the-state-the-union-29.txt,109,That's why we're building an economy where no one is left behind.,https://www.presidency.ucsb.edu/documents/address-before-joint-session-the-congress-the-state-the-union-29,"Joseph R. Biden, Jr.",2023,1,0,0,1,0,1
address-before-joint-session-the-congress-the-state-the-union-12-1,17,address-before-joint-session-the-congress-the-state-the-union-12.txt,1,"President, Members of the 103d Congress, my fellow Americans: I'm not at all sure what speech is in the TelePrompter tonight—[ laughter ]—but I hope we can talk about the state of the Union.",https://www.presidency.ucsb.edu/documents/address-before-joint-session-the-congress-the-state-the-union-12,William J. Clinton,1994,0,0,0,0,1,0
address-before-joint-session-the-congress-the-state-the-union-8-314,42,address-before-joint-session-the-congress-the-state-the-union-8.txt,314,"Beginning this year, 1998, men and women from 16 countries will build a foothold in the heavens, the international space station.",https://www.presidency.ucsb.edu/documents/address-before-joint-session-the-congress-the-state-the-union-8,William J. Clinton,1998,1,0,0,0,0,1
address-before-joint-session-the-congress-the-state-the-union-14-92,19,address-before-joint-session-the-congress-the-state-the-union-14.txt,92,"In addition, you'll be able to pass along the money that accumulates in your personal account, if you wish, to your children and—or grandchildren.",https://www.presidency.ucsb.edu/documents/address-before-joint-session-the-congress-the-state-the-union-14,George W. Bush,2005,1,0,0,0,0,0
annual-message-the-congress-the-state-the-union-17-205,68,annual-message-the-congress-the-state-the-union-17.txt,205,"For another thing, the States should be given special aid to help them increase public assistance payments.",https://www.presidency.ucsb.edu/documents/annual-message-the-congress-the-state-the-union-17,Harry S Truman,1952,0,0,0,0,0,0
pm-remarks-lunar-gateway-101,207,pm-remarks-lunar-gateway.txt,101,I now have the pleasure of turning things over to someone who understands perhaps better than anyone just how powerful Canada’s presence in space can be.,https://www.pm.gc.ca/en/news/speeches/2019/02/27/pm-remarks-lunar-gateway,,2019,1,1,0,0,1,0
excerpts-the-report-congressional-committees-investigating-the-iran-contra-affair-114,126,excerpts-the-report-congressional-committees-investigating-the-iran-contra-affair.txt,114,The President decided to go forward with the arms sales to get the hostages back.,https://www.presidency.ucsb.edu/documents/excerpts-the-report-congressional-committees-investigating-the-iran-contra-affair,U.S. Congress,1987,0,0,0,0,0,0
address-before-joint-session-the-congress-the-state-the-union-27-211,33,address-before-joint-session-the-congress-the-state-the-union-27.txt,211,"The United States of America should be a sanctuary for law-abiding Americans, not criminal aliens.",https://www.presidency.ucsb.edu/documents/address-before-joint-session-the-congress-the-state-the-union-27,Donald J. Trump (1st Term),2020,1,0,1,1,0,1
address-before-joint-session-the-congress-the-state-the-union-8-63,42,address-before-joint-session-the-congress-the-state-the-union-8.txt,63,We have opened wide the doors of the world's best system of higher education.,https://www.presidency.ucsb.edu/documents/address-before-joint-session-the-congress-the-state-the-union-8,William J. Clinton,1998,1,0,0,1,1,1
eighth-annual-address-congress-17,122,eighth-annual-address-congress.txt,17,"Information has been recently received of the appointment of a commissioner on the part of His Catholic Majesty for running the boundary line, but none of any appointment for the adjustment of the claims of our citizens whose vessels were captured by the armed vessels of Spain.",https://www.presidency.ucsb.edu/documents/eighth-annual-address-congress,George Washington,,0,0,0,0,0,0
address-before-joint-session-the-congress-the-state-the-union-2-118,25,address-before-joint-session-the-congress-the-state-the-union-2.txt,118,"We recognize that the Soviet military threat in Europe is diminishing, but we see little change in Soviet strategic modernization.",https://www.presidency.ucsb.edu/documents/address-before-joint-session-the-congress-the-state-the-union-2,George Bush,1990,0,0,1,0,0,0
annual-message-the-congress-the-state-the-union-20-81,71,annual-message-the-congress-the-state-the-union-20.txt,81,"Our aim for a peaceful, democratic world of free peoples will be achieved in the long run, not by force of arms, but by an appeal to the minds and hearts of men.",https://www.presidency.ucsb.edu/documents/annual-message-the-congress-the-state-the-union-20,Harry S Truman,1950,1,0,0,0,0,1
address-before-joint-session-the-congress-president-volodymyr-zelenskyy-ukraine-0-48,7,address-before-joint-session-the-congress-president-volodymyr-zelenskyy-ukraine-0.txt,48,"Russia, Russia could stop its aggression, really, if it wanted to, but you can speed up our victory.",https://www.presidency.ucsb.edu/documents/address-before-joint-session-the-congress-president-volodymyr-zelenskyy-ukraine-0,U.S. Congress,2022,1,0,1,1,0,1
annual-message-the-congress-the-state-the-union-2-56,70,annual-message-the-congress-the-state-the-union-2.txt,56,I will offer at least a dozen more major programs in the course of this session.,https://www.presidency.ucsb.edu/documents/annual-message-the-congress-the-state-the-union-2,Richard Nixon,1970,0,0,0,0,0,0
the-state-the-union-address-delivered-before-joint-session-the-congress-131,358,the-state-the-union-address-delivered-before-joint-session-the-congress.txt,131,"It has been said that ""a mind is a terrible thing to waste."" We will give our young people new hope for jobs and a better life in the 1980's.",https://www.presidency.ucsb.edu/documents/the-state-the-union-address-delivered-before-joint-session-the-congress,Jimmy Carter,1980,1,1,0,0,0,1
annual-message-the-congress-the-state-the-union-20-104,71,annual-message-the-congress-the-state-the-union-20.txt,104,We enjoy more personal liberty in the United States today than ever before.,https://www.presidency.ucsb.edu/documents/annual-message-the-congress-the-state-the-union-20,Harry S Truman,1950,1,0,0,1,1,0
annual-message-congress-8,60,annual-message-congress.txt,8,It is the source of the other two—democracy and international good faith.,https://www.presidency.ucsb.edu/documents/annual-message-congress,Franklin D. Roosevelt,1939,0,0,0,1,0,1
inaugural-address-11-40,155,inaugural-address-11.txt,40,All of us need to be reminded that the Federal Government did not create the States; the States created the Federal Government.,https://www.presidency.ucsb.edu/documents/inaugural-address-11,Ronald Reagan,1981,0,1,0,1,0,1
annual-message-the-congress-the-state-the-union-4-103,80,annual-message-the-congress-the-state-the-union-4.txt,103,"So long as fanaticism and fear brood over the affairs of men, we must arm to deter others from aggression.",https://www.presidency.ucsb.edu/documents/annual-message-the-congress-the-state-the-union-4,John F. Kennedy,1962,1,0,1,1,0,1
annual-message-the-congress-the-state-the-union-4-19,80,annual-message-the-congress-the-state-the-union-4.txt,19,Moreover--pleasant as it may be to bask in the warmth of recovery--let us not forget that we have suffered three recessions in the last 7 years.,https://www.presidency.ucsb.edu/documents/annual-message-the-congress-the-state-the-union-4,John F. Kennedy,1962,0,0,0,0,0,1
annual-message-the-congress-the-state-the-union-17-54,68,annual-message-the-congress-the-state-the-union-17.txt,54,And behind the Iron Curtain the Soviet rule of force has created growing political and economic stresses in the satellite nations.,https://www.presidency.ucsb.edu/documents/annual-message-the-congress-the-state-the-union-17,Harry S Truman,1952,0,0,1,0,0,1
annual-message-the-congress-the-state-the-union-5-134,81,annual-message-the-congress-the-state-the-union-5.txt,134,The product of our abundance must be used more effectively to relieve hunger and help economic growth in all corners of the globe.,https://www.presidency.ucsb.edu/documents/annual-message-the-congress-the-state-the-union-5,John F. Kennedy,1961,1,0,0,1,0,1
address-before-joint-session-the-congress-reporting-the-state-the-union-1-149,10,address-before-joint-session-the-congress-reporting-the-state-the-union-1.txt,149,This is not a moment for the American people to turn inward.,https://www.presidency.ucsb.edu/documents/address-before-joint-session-the-congress-reporting-the-state-the-union-1,Gerald R. Ford,1975,1,0,0,1,0,1
annual-message-the-congress-the-state-the-union-9-65,84,annual-message-the-congress-the-state-the-union-9.txt,65,"State and local entities, and private enterprise should be encouraged to participate in such projects.",https://www.presidency.ucsb.edu/documents/annual-message-the-congress-the-state-the-union-9,Dwight D. Eisenhower,1957,0,0,0,0,0,0
address-before-joint-session-the-congress-the-state-the-union-248,44,address-before-joint-session-the-congress-the-state-the-union.txt,248,"And like so many other Americans who have volunteered to defend us, he has earned the respect and the gratitude of our entire country.",https://www.presidency.ucsb.edu/documents/address-before-joint-session-the-congress-the-state-the-union,George W. Bush,2007,1,0,0,1,1,0
second-annual-message-19-54,326,second-annual-message-19.txt,54,"except where, here and there, a ship of war is bidden carry it or some wandering yacht displays it, would take a long time and involve many detailed items of legislation, and tile trade which we ought immediately to handle would disappear or find other channels while we debated the items.",https://www.presidency.ucsb.edu/documents/second-annual-message-19,Woodrow Wilson,1914,0,0,0,1,0,0
prime-minister-trudeaus-address-yom-kippur-24,238,prime-minister-trudeaus-address-yom-kippur.txt,24,"As a dad, how could I even begin to explain the existence of such evil to him?",https://www.pm.gc.ca/en/news/speeches/2016/10/11/prime-minister-trudeaus-address-yom-kippur,,2019,1,0,1,0,0,1
oath-office-and-second-inaugural-address-59,197,oath-office-and-second-inaugural-address.txt,59,I think of the dreams they had for America and I think of how each recognized that he needed help far beyond himself in order to make those dreams come true.,https://www.presidency.ucsb.edu/documents/oath-office-and-second-inaugural-address,Richard Nixon,1973,1,0,0,0,0,1
annual-message-congress-2-121,56,annual-message-congress-2.txt,121,"I repeat, with the same faith and the same determination, my words of March 4, 1933: ""We face the arduous days that lie before us in the warm courage of national unity; with a clear consciousness of seeking old and precious moral values; with a clean satisfaction that comes from the stern performance of duty by old and young alike.",https://www.presidency.ucsb.edu/documents/annual-message-congress-2,Franklin D. Roosevelt,1936,1,1,0,0,0,1
address-before-joint-session-congress-the-state-the-union-2-271,5,address-before-joint-session-congress-the-state-the-union-2.txt,271,"And hour after hour, a throng of people stayed in line to support her, because Desiline is 102 years old.",https://www.presidency.ucsb.edu/documents/address-before-joint-session-congress-the-state-the-union-2,Barack Obama,2013,1,0,0,0,0,1
address-before-joint-session-the-congress-the-state-the-union-22-50,28,address-before-joint-session-the-congress-the-state-the-union-22.txt,50,Iraq continues to flaunt its hostility toward America and to support terror.,https://www.presidency.ucsb.edu/documents/address-before-joint-session-the-congress-the-state-the-union-22,George W. Bush,2002,1,0,1,1,0,1
prime-minister-keynote-speech-world-economic-forum-2018-69,236,prime-minister-keynote-speech-world-economic-forum-2018.txt,69,"This doesn’t apply to me.” So while I commend your effort on this front, it may not be good enough.",https://www.pm.gc.ca/en/news/speeches/2018/01/23/prime-minister-keynote-speech-world-economic-forum-2018,,2018,0,0,0,0,0,0
prime-minister-justin-trudeaus-speech-assembly-first-nations-special-7,235,prime-minister-justin-trudeaus-speech-assembly-first-nations-special.txt,7,"Along the way, their numbers had grown from seven to over 400 on that morning in March when they walked into this town to the sound of traditional drums.",https://www.pm.gc.ca/en/news/speeches/2016/12/06/prime-minister-justin-trudeaus-speech-assembly-first-nations-special,,2016,1,0,0,0,0,1
annual-message-the-congress-the-state-the-union-6-192,82,annual-message-the-congress-the-state-the-union-6.txt,192,"All recognize the vital necessity of having modern school plants, well-qualified and adequately compensated teachers, and of using the best possible teaching techniques and curricula.",https://www.presidency.ucsb.edu/documents/annual-message-the-congress-the-state-the-union-6,Dwight D. Eisenhower,1960,0,0,0,1,0,0
address-before-joint-session-congress-the-state-the-union-0-148,3,address-before-joint-session-congress-the-state-the-union-0.txt,148,Today over 90 percent of Latin Americans live in nations committed to democratic principles.,https://www.presidency.ucsb.edu/documents/address-before-joint-session-congress-the-state-the-union-0,Ronald Reagan,1988,0,0,0,0,0,0
russia-prioritises-disinformation-over-energy-ceasefire-uk-statement-to-the-osce-9,318,russia-prioritises-disinformation-over-energy-ceasefire-uk-statement-to-the-osce.txt,9,Hundreds of thousands of Ukrainians have been left without heating with temperatures reaching -24 degrees.,https://www.gov.uk/government/speeches/russia-prioritises-disinformation-over-energy-ceasefire-uk-statement-to-the-osce,,,1,0,0,0,0,0
address-before-joint-session-the-congress-the-state-the-union-8-62,42,address-before-joint-session-the-congress-the-state-the-union-8.txt,62,"And my friends, that will change the face and future of America.",https://www.presidency.ucsb.edu/documents/address-before-joint-session-the-congress-the-state-the-union-8,William J. Clinton,1998,1,0,0,0,1,1
annual-message-the-congress-the-state-the-union-19-18,69,annual-message-the-congress-the-state-the-union-19.txt,18,The threat of world conquest by Soviet Russia endangers our liberty and endangers the kind of world in which the free spirit of man can survive.,https://www.presidency.ucsb.edu/documents/annual-message-the-congress-the-state-the-union-19,Harry S Truman,1951,1,0,1,1,1,1
address-before-joint-session-the-congress-the-state-the-union-6-178,40,address-before-joint-session-the-congress-the-state-the-union-6.txt,178,I'd like to say something really serious to everyone in this Chamber in both parties.,https://www.presidency.ucsb.edu/documents/address-before-joint-session-the-congress-the-state-the-union-6,William J. Clinton,1999,0,0,0,0,0,0
the-deputy-prime-ministers-speech-to-100-year-partnership-event-69,351,the-deputy-prime-ministers-speech-to-100-year-partnership-event.txt,69,"In the UK, that same technology poses a threat to our justice system – with drones used to deposit drugs and weapons in our prisons in the United Kingdom.",https://www.gov.uk/government/speeches/the-deputy-prime-ministers-speech-to-100-year-partnership-event,The Rt Hon David Lammy MP,,1,0,0,0,0,0
prime-ministers-statement-trans-mountain-pipeline-project-18,295,prime-ministers-statement-trans-mountain-pipeline-project.txt,18,"It means hundreds of thousands of Canadians who work long hours every day to put food on their table, and to build this country, depend on this project getting built.",https://www.pm.gc.ca/en/news/speeches/2018/04/15/prime-ministers-statement-trans-mountain-pipeline-project,,2018,1,0,0,0,0,1
address-before-joint-session-congress-the-state-the-union-2-155,5,address-before-joint-session-congress-the-state-the-union-2.txt,155,But we also have to make sure that America remains a place where everyone who's willing to work—everybody who's willing to work hard—has the chance to get ahead.,https://www.presidency.ucsb.edu/documents/address-before-joint-session-congress-the-state-the-union-2,Barack Obama,2013,1,0,0,1,0,1
address-before-joint-session-the-congress-the-state-the-union-23-5,29,address-before-joint-session-the-congress-the-state-the-union-23.txt,5,We have the opportunity to save millions of lives abroad from a terrible disease.,https://www.presidency.ucsb.edu/documents/address-before-joint-session-the-congress-the-state-the-union-23,George W. Bush,2003,1,0,0,0,0,0
annual-message-the-congress-the-state-the-union-29-3,77,annual-message-the-congress-the-state-the-union-29.txt,3,"And I report to you that I believe, with abiding conviction, that this people--nurtured by their deep faith, tutored by their hard lessons, moved by their high aspirations-have the will to meet the trials that these times impose.",https://www.presidency.ucsb.edu/documents/annual-message-the-congress-the-state-the-union-29,Lyndon B. Johnson,1968,1,0,0,1,0,1
address-before-joint-session-the-congress-the-state-the-union-20-119,26,address-before-joint-session-the-congress-the-state-the-union-20.txt,119,That would put our workers and our businesses at a disadvantage.,https://www.presidency.ucsb.edu/documents/address-before-joint-session-the-congress-the-state-the-union-20,Barack Obama,2015,0,0,1,0,0,0
un-human-rights-council-special-session-to-address-the-deteriorating-human-rights-situation-in-the-islamic-republic-of-iran-23-january-2026-9,378,un-human-rights-council-special-session-to-address-the-deteriorating-human-rights-situation-in-the-islamic-republic-of-iran-23-january-2026.txt,9,It takes true bravery to speak out in the face of an authority prepared to fire at its own people.,https://www.gov.uk/government/speeches/un-human-rights-council-special-session-to-address-the-deteriorating-human-rights-situation-in-the-islamic-republic-of-iran-23-january-2026,Eleanor Sanders,,1,0,1,1,0,1
address-before-joint-session-the-congress-the-state-the-union-8-256,42,address-before-joint-session-the-congress-the-state-the-union-8.txt,256,"Tonight I ask you to join me in launching a new clean water initiative, a far-reaching effort to clean our rivers, our lakes, and our coastal waters for our children.",https://www.presidency.ucsb.edu/documents/address-before-joint-session-the-congress-the-state-the-union-8,William J. Clinton,1998,0,0,0,0,0,0
seventh-annual-address-congress-14,335,seventh-annual-address-congress.txt,14,"Agreeably thereto, and to the best judgment I was able to form of the public interest after full and mature deliberation, I have added my sanction.",https://www.presidency.ucsb.edu/documents/seventh-annual-address-congress,George Washington,,0,1,0,0,0,0
improving-accessibility-at-railway-stations-across-britain-12,150,improving-accessibility-at-railway-stations-across-britain.txt,12,A future round of AfA may be funded as part of the next spending review and this could provide an opportunity to fully or partially fund accessibility upgrades at other stations across Britain.,https://www.gov.uk/government/speeches/improving-accessibility-at-railway-stations-across-britain,Lord Hendy of Richmond Hill CBE,,0,0,0,0,0,0
government-response-to-parliamentary-and-health-service-ombudsmans-phso-investigation-into-womens-state-pension-age-communications-and-associated-1,142,government-response-to-parliamentary-and-health-service-ombudsmans-phso-investigation-into-womens-state-pension-age-communications-and-associated.txt,1,"Madame Deputy Speaker, in November, I informed the House that the Government would make a new decision in response to the Parliamentary and Health Service Ombudsman’s report into the way changes to the State Pension age were communicated to women born in the 1950s.",https://www.gov.uk/government/speeches/government-response-to-parliamentary-and-health-service-ombudsmans-phso-investigation-into-womens-state-pension-age-communications-and-associated,The Rt Hon Pat McFadden MP,,0,1,0,0,0,0
we-welcome-the-syrian-leaderships-commitment-to-eradicate-chemical-weapons-uk-statement-at-the-un-security-council-5,390,we-welcome-the-syrian-leaderships-commitment-to-eradicate-chemical-weapons-uk-statement-at-the-un-security-council.txt,5,"First, multiple OPCW deployments to Syria have increased our understanding of the scale and scope of Assad’s chemical weapons programme.",https://www.gov.uk/government/speeches/we-welcome-the-syrian-leaderships-commitment-to-eradicate-chemical-weapons-uk-statement-at-the-un-security-council,,,0,1,0,0,0,0
second-annual-message-20-184,327,second-annual-message-20.txt,184,I must not risk the wearying of your patience with detailed reference.,https://www.presidency.ucsb.edu/documents/second-annual-message-20,Warren G. Harding,1922,0,0,0,0,0,0
excerpts-the-report-congressional-committees-investigating-the-iran-contra-affair-270,126,excerpts-the-report-congressional-committees-investigating-the-iran-contra-affair.txt,270,Casey's passion for covert operations - dating back to his World War II intelligence days - was well known.,https://www.presidency.ucsb.edu/documents/excerpts-the-report-congressional-committees-investigating-the-iran-contra-affair,U.S. Congress,1987,0,0,0,1,0,0
inaugural-address-4-79,162,inaugural-address-4.txt,79,"With the cooperation of business, private capital, agriculture, and labor in this country, this program can greatly increase the industrial activity in other nations and can raise substantially their standards of living.",https://www.presidency.ucsb.edu/documents/inaugural-address-4,Harry S Truman,1949,1,0,0,1,0,1
address-before-joint-session-the-congress-reporting-the-state-the-union-2-19,11,address-before-joint-session-the-congress-reporting-the-state-the-union-2.txt,19,"Inflation remained in double digits, and government spending increased at an annual rate of 17 percent.",https://www.presidency.ucsb.edu/documents/address-before-joint-session-the-congress-reporting-the-state-the-union-2,Ronald Reagan,1982,0,0,0,0,0,0
sir-martyn-olivers-speech-at-the-sixth-form-colleges-association-8,336,sir-martyn-olivers-speech-at-the-sixth-form-colleges-association.txt,8,"And crucially, that change has been shaped by your input – by the voices of leaders, teachers, and practitioners across the post-16 sector who took the time to talk to us about what was working and what wasn’t.",https://www.gov.uk/government/speeches/sir-martyn-olivers-speech-at-the-sixth-form-colleges-association,Sir Martyn Oliver,,1,1,0,0,0,1
prime-ministers-remarks-announcing-support-food-banks-and-local-food-40,248,prime-ministers-remarks-announcing-support-food-banks-and-local-food.txt,40,"We had said that in May, every qualifying adult would receive up to $300 with $150 for each child, but I can now confirm that help is coming sooner, this month, in April instead.",https://www.pm.gc.ca/en/news/speeches/2020/04/03/prime-ministers-remarks-announcing-support-food-banks-and-local-food,,2020,0,0,0,1,0,1
prime-ministers-remarks-efforts-bring-canadians-home-abroad-16,255,prime-ministers-remarks-efforts-bring-canadians-home-abroad.txt,16,And public servants are working around the clock to help people who are stranded.,https://www.pm.gc.ca/en/news/speeches/2020/03/21/prime-ministers-remarks-efforts-bring-canadians-home-abroad,,2020,1,0,0,0,1,1
prime-ministers-remarks-health-care-supplies-and-equipment-32,260,prime-ministers-remarks-health-care-supplies-and-equipment.txt,32,"So today, I’m also announcing that our existing Next Generation Manufacturing Supercluster will be leading companies in developing and scaling up new technologies to test and treat Canadians.",https://www.pm.gc.ca/en/news/speeches/2020/03/31/prime-ministers-remarks-health-care-supplies-and-equipment,,1969,0,0,0,0,0,1
russia-could-signal-a-willingness-to-move-from-coercion-to-constructive-engagement-by-ending-its-strikes-on-ukraines-energy-infrastructure-uk-statem-13,315,russia-could-signal-a-willingness-to-move-from-coercion-to-constructive-engagement-by-ending-its-strikes-on-ukraines-energy-infrastructure-uk-statem.txt,13,"Respecting the principles of distinction, proportionality and precaution is not optional or a goodwill gesture.",https://www.gov.uk/government/speeches/russia-could-signal-a-willingness-to-move-from-coercion-to-constructive-engagement-by-ending-its-strikes-on-ukraines-energy-infrastructure-uk-statem,James Ford,,1,1,0,1,0,1
second-annual-message-20-55,327,second-annual-message-20.txt,55,Here is a problem demanding wide vision and the avoidance of mere makeshifts.,https://www.presidency.ucsb.edu/documents/second-annual-message-20,Warren G. Harding,1922,0,0,0,1,0,1
articles-impeachment-adopted-the-house-representatives-committee-the-judiciary-17,89,articles-impeachment-adopted-the-house-representatives-committee-the-judiciary.txt,17,"Nixon has acted in a manner contrary to his trust as President and subversive of constitutional government, to the great prejudice of the cause of law and justice and to the manifest injury of the people of the United States.",https://www.presidency.ucsb.edu/documents/articles-impeachment-adopted-the-house-representatives-committee-the-judiciary,U.S. Congress,1974,1,1,1,1,0,1
annual-message-the-congress-the-state-the-union-20-14,71,annual-message-the-congress-the-state-the-union-20.txt,14,"As the result of these programs, and the wisdom and good judgment of our businessmen and workers, major readjustments have been made without widespread suffering.",https://www.presidency.ucsb.edu/documents/annual-message-the-congress-the-state-the-union-20,Harry S Truman,1950,1,0,0,1,0,1
prime-ministers-remarks-shooting-portapique-nova-scotia-and-updates-covid-11,269,prime-ministers-remarks-shooting-portapique-nova-scotia-and-updates-covid.txt,11,"And if you’re caring for someone with a disability, you’re probably anxious about getting support, too.",https://www.pm.gc.ca/en/news/speeches/2020/04/19/prime-ministers-remarks-shooting-portapique-nova-scotia-and-updates-covid,,2020,1,0,0,0,0,1
prime-ministers-remarks-introducing-canada-emergency-commercial-rent-24,263,prime-ministers-remarks-introducing-canada-emergency-commercial-rent.txt,24,"As I said many times before, we will be there for Quebecers, Ontarians, and all Canadians during this crisis.",https://www.pm.gc.ca/en/news/speeches/2020/04/24/prime-ministers-remarks-introducing-canada-emergency-commercial-rent,,2020,1,0,0,1,0,1
wto-general-council-december-2025-uk-statement-39,392,wto-general-council-december-2025-uk-statement.txt,39,"In summary, to contribute to real-world growth, and to show this organisation is still relevant to the world that we live in, the UK remains fully committed to seeking Annex 4 incorporation.",https://www.gov.uk/government/speeches/wto-general-council-december-2025-uk-statement,Kumar Iyer CMG,,0,0,0,1,0,1
address-before-joint-session-the-congress-the-state-the-union-13-78,18,address-before-joint-session-the-congress-the-state-the-union-13.txt,78,We're grateful to all who volunteer to wear our Nation's uniform.,https://www.presidency.ucsb.edu/documents/address-before-joint-session-the-congress-the-state-the-union-13,George W. Bush,2006,1,0,0,0,0,1
the-gambias-wto-trade-policy-review-uk-statement-february-2026-31,353,the-gambias-wto-trade-policy-review-uk-statement-february-2026.txt,31,We are keen to hear more about how this work is progressing in supporting climate-resilient infrastructure and resilience building in agriculture.,https://www.gov.uk/government/speeches/the-gambias-wto-trade-policy-review-uk-statement-february-2026,Kumar Iyer CMG,,0,0,0,0,0,0
minister-pollard-speech-at-ads-annual-dinner-2026-13,190,minister-pollard-speech-at-ads-annual-dinner-2026.txt,13,"You’re part of a defence industry that directly supports over 460,000 highly skilled and well-paid jobs.",https://www.gov.uk/government/speeches/minister-pollard-speech-at-ads-annual-dinner-2026,Luke Pollard MP,,1,0,0,0,0,1
address-before-joint-session-the-congress-president-volodymyr-zelenskyy-ukraine-0-1,7,address-before-joint-session-the-congress-president-volodymyr-zelenskyy-ukraine-0.txt,1,"Dear Americans, in all states, cities and communities, all those who value freedom and justice, who cherish it as strongly as we Ukrainians in our cities, in each and every family, I hope my words of respect and gratitude resonate in each American heart.",https://www.presidency.ucsb.edu/documents/address-before-joint-session-the-congress-president-volodymyr-zelenskyy-ukraine-0,U.S. Congress,2022,1,0,0,0,1,1
the-uk-reiterates-its-strong-support-for-unsmil-in-advancing-an-inclusive-political-process-in-libya-uk-statement-at-the-un-security-council-9,363,the-uk-reiterates-its-strong-support-for-unsmil-in-advancing-an-inclusive-political-process-in-libya-uk-statement-at-the-un-security-council.txt,9,"Second, we commend the efforts of Libya’s civil society in standing-up for the country’s future.",https://www.gov.uk/government/speeches/the-uk-reiterates-its-strong-support-for-unsmil-in-advancing-an-inclusive-political-process-in-libya-uk-statement-at-the-un-security-council,Archie Young CMG,,1,0,0,0,0,1
environment-secretary-at-economist-water-summit-8,123,environment-secretary-at-economist-water-summit.txt,8,"Looking around this room, I see the people who will shape the future of our water system in partnership with us.",https://www.gov.uk/government/speeches/environment-secretary-at-economist-water-summit,Emma Reynolds MP,,1,0,0,1,0,1
address-before-joint-session-the-congress-the-state-the-union-21-233,27,address-before-joint-session-the-congress-the-state-the-union-21.txt,233,"American diplomacy, backed by the threat of force, is why Syria's chemical weapons are being eliminated.",https://www.presidency.ucsb.edu/documents/address-before-joint-session-the-congress-the-state-the-union-21,Barack Obama,2014,0,0,0,1,0,1
inaugural-address-10-63,154,inaugural-address-10.txt,63,But our fundamental goals must be to reduce dependency and upgrade the dignity of those who are infirm or disadvantaged.,https://www.presidency.ucsb.edu/documents/inaugural-address-10,Ronald Reagan,1985,1,0,0,1,0,1
address-before-joint-session-the-congress-the-state-the-union-26-103,32,address-before-joint-session-the-congress-the-state-the-union-26.txt,103,Also here tonight are Gerald and Sharon's granddaughter Heather and great-granddaughter Madison.,https://www.presidency.ucsb.edu/documents/address-before-joint-session-the-congress-the-state-the-union-26,Donald J. Trump (1st Term),2019,0,0,0,0,0,0
address-before-joint-session-the-congress-the-state-the-union-18-258,23,address-before-joint-session-the-congress-the-state-the-union-18.txt,258,They endure sleepless nights and the daily struggle of providing for children while a loved one is serving far from home.,https://www.presidency.ucsb.edu/documents/address-before-joint-session-the-congress-the-state-the-union-18,George W. Bush,2008,1,0,0,0,1,1
annual-message-the-congress-the-state-the-union-12-299,63,annual-message-the-congress-the-state-the-union-12.txt,299,"I shall recommend the establishment of a Federal Advisory Commission on the Arts within the Department of Health, Education and Welfare, to advise the Federal Government on ways to encourage artistic endeavor and appreciation.",https://www.presidency.ucsb.edu/documents/annual-message-the-congress-the-state-the-union-12,Dwight D. Eisenhower,1955,0,0,0,0,0,0
fifth-annual-message-6-107,128,fifth-annual-message-6.txt,107,"The legislation proposed at the last session with regard to regulated combinations among our exporters, in order to provide for our foreign trade a more effective organization and method of cooperation, ought by all means to be completed at this session.",https://www.presidency.ucsb.edu/documents/fifth-annual-message-6,Woodrow Wilson,1917,0,0,0,1,0,0
prime-ministers-remarks-workers-and-business-owners-facing-challenges-due-48,288,prime-ministers-remarks-workers-and-business-owners-facing-challenges-due.txt,48,"Whether to transport medical supplies or to protect our homes during flood and forest fire seasons, those who wear this uniform will be there for you.",https://www.pm.gc.ca/en/news/speeches/2020/03/30/prime-ministers-remarks-workers-and-business-owners-facing-challenges-due,,2020,1,0,0,0,0,1
address-before-joint-session-the-congress-the-state-the-union-6-104,40,address-before-joint-session-the-congress-the-state-the-union-6.txt,104,Parents should never have to worry about choosing between their children and their work.,https://www.presidency.ucsb.edu/documents/address-before-joint-session-the-congress-the-state-the-union-6,William J. Clinton,1999,1,0,0,1,1,1
address-before-joint-session-the-congress-the-state-the-union-4-222,38,address-before-joint-session-the-congress-the-state-the-union-4.txt,222,Their hearts carry without complaint the pains of family and community problems.,https://www.presidency.ucsb.edu/documents/address-before-joint-session-the-congress-the-state-the-union-4,Ronald Reagan,1984,1,0,0,0,1,1
address-before-joint-session-the-congress-the-state-the-union-22-110,28,address-before-joint-session-the-congress-the-state-the-union-22.txt,110,We need to prepare our children to read and succeed in school with improved Head Start and early childhood development programs.,https://www.presidency.ucsb.edu/documents/address-before-joint-session-the-congress-the-state-the-union-22,George W. Bush,2002,1,0,0,1,0,1
address-before-joint-session-the-congress-the-state-the-union-7-185,41,address-before-joint-session-the-congress-the-state-the-union-7.txt,185,I think they ought to do the same thing for handgun purchases.,https://www.presidency.ucsb.edu/documents/address-before-joint-session-the-congress-the-state-the-union-7,William J. Clinton,2000,0,0,0,0,0,0
prime-minister-justin-trudeaus-address-72th-session-united-nations-general-8,232,prime-minister-justin-trudeaus-address-72th-session-united-nations-general.txt,8,"We have, throughout our history, worked hard to secure them.",https://www.pm.gc.ca/en/news/speeches/2017/09/21/prime-minister-justin-trudeaus-address-72th-session-united-nations-general,,2017,0,0,0,0,0,0
address-before-joint-session-the-congress-the-state-the-union-19-63,24,address-before-joint-session-the-congress-the-state-the-union-19.txt,63,We also need benefits and protections that provide a basic measure of security.,https://www.presidency.ucsb.edu/documents/address-before-joint-session-the-congress-the-state-the-union-19,Barack Obama,2016,1,0,0,1,0,1
annual-message-the-congress-the-state-the-union-27-113,75,annual-message-the-congress-the-state-the-union-27.txt,113,"A second principle of policy is the effort to control, and to reduce, and to ultimately eliminate the modern engines of destruction.",https://www.presidency.ucsb.edu/documents/annual-message-the-congress-the-state-the-union-27,Lyndon B. Johnson,1966,1,0,0,0,0,1
address-before-joint-session-the-congress-the-state-the-union-20-39,26,address-before-joint-session-the-congress-the-state-the-union-20.txt,39,"Today, we have new tools to stop taxpayer-funded bailouts and a new consumer watchdog to protect us from predatory lending and abusive credit card practices.",https://www.presidency.ucsb.edu/documents/address-before-joint-session-the-congress-the-state-the-union-20,Barack Obama,2015,1,0,0,1,0,1
address-before-joint-session-the-congress-the-state-the-union-26-150,32,address-before-joint-session-the-congress-the-state-the-union-26.txt,150,"I am asking Congress to pass legislation that finally takes on the problem of global freeloading and delivers fairness and price transparency for American patients, finally.",https://www.presidency.ucsb.edu/documents/address-before-joint-session-the-congress-the-state-the-union-26,Donald J. Trump (1st Term),2019,1,0,1,1,0,1
annual-message-the-congress-the-state-the-union-5-141,81,annual-message-the-congress-the-state-the-union-5.txt,141,"Meanwhile, I hope to explore with the Polish government the possibility of using our frozen Polish funds on projects of peace that will demonstrate our abiding friendship for and interest in the people of Poland.",https://www.presidency.ucsb.edu/documents/annual-message-the-congress-the-state-the-union-5,John F. Kennedy,1961,1,0,0,0,0,1
annual-message-the-congress-the-state-the-union-13-186,64,annual-message-the-congress-the-state-the-union-13.txt,186,They have been developed through the cooperation of innumerable individuals vitally interested in agriculture.,https://www.presidency.ucsb.edu/documents/annual-message-the-congress-the-state-the-union-13,Dwight D. Eisenhower,1954,0,0,0,0,1,0
address-before-joint-session-the-congress-the-state-the-union-5-70,39,address-before-joint-session-the-congress-the-state-the-union-5.txt,70,"More businesses will be started, more investments made, more jobs created, and more people will be on payrolls paying taxes.",https://www.presidency.ucsb.edu/documents/address-before-joint-session-the-congress-the-state-the-union-5,Ronald Reagan,1985,1,0,0,0,0,1
excerpts-the-report-congressional-committees-investigating-the-iran-contra-affair-131,126,excerpts-the-report-congressional-committees-investigating-the-iran-contra-affair.txt,131,"This time, the President agreed to ship parts for Hawk missiles but only on condition that all the American hostages in Lebanon be released first.",https://www.presidency.ucsb.edu/documents/excerpts-the-report-congressional-committees-investigating-the-iran-contra-affair,U.S. Congress,1987,0,0,0,0,0,0
annual-message-the-congress-the-state-the-union-2-171,70,annual-message-the-congress-the-state-the-union-2.txt,171,"How we seize the opportunities I have described today will determine not only our future, but the future of peace and freedom in this world in the last third of the century.",https://www.presidency.ucsb.edu/documents/annual-message-the-congress-the-state-the-union-2,Richard Nixon,1970,1,0,0,0,0,1