label,token,mean_importance,frequency,frequency_pct,weighted_importance
authority_appeal,year,0.10002214285714285,6.0,0.037037037037037035,0.1946341029159747
authority_appeal,jobs,0.14016466666666666,3.0,0.018518518518518517,0.19430948702824907
authority_appeal,work,0.07387116666666667,12.0,0.07407407407407407,0.18947580147660076
authority_appeal,economy,0.08899199999999999,6.0,0.037037037037037035,0.17317043598473042
authority_appeal,tonight,0.11950366666666667,3.0,0.018518518518518517,0.16566725923315104
authority_appeal,century,0.09974350000000001,4.0,0.024691358024691357,0.1605309704188707
authority_appeal,workers,0.09601025,4.0,0.024691358024691357,0.15452253633227608
authority_appeal,country,0.062341,10.0,0.06172839506172839,0.14948718920152324
authority_appeal,effort,0.10717566666666667,3.0,0.018518518518518517,0.148577022349265
authority_appeal,questions,0.08952,4.0,0.024691358024691357,0.14407688192110066
authority_appeal,working,0.0765604,5.0,0.030864197530864196,0.13717782166788758
authority_appeal,strength,0.09729566666666667,3.0,0.018518518518518517,0.13488043406140052
authority_appeal,shall,0.09061233333333334,3.0,0.018518518518518517,0.1256153667479159
authority_appeal,friends,0.09059266666666665,3.0,0.018518518518518517,0.12558810295881387
authority_appeal,america,0.053839222222222226,9.0,0.05555555555555555,0.12396939050728267
authority_appeal,face,0.07377349999999999,4.0,0.024691358024691357,0.11873386783295709
authority_appeal,families,0.0651476,5.0,0.030864197530864196,0.11672882919748163
authority_appeal,office,0.0719335,4.0,0.024691358024691357,0.11577250207407835
authority_appeal,future,0.071386,4.0,0.024691358024691357,0.11489133481702068
authority_appeal,rights,0.08196966666666666,3.0,0.018518518518518517,0.11363408668287706
authority_appeal,people,0.049243777777777775,9.0,0.05555555555555555,0.11338798863382257
authority_appeal,support,0.05805385714285714,6.0,0.037037037037037035,0.112967589806093
authority_appeal,make,0.053082285714285714,7.0,0.043209876543209874,0.1103815100416038
authority_appeal,help,0.047770111111111103,9.0,0.05555555555555555,0.10999474573511367
authority_appeal,week,0.07739033333333334,3.0,0.018518518518518517,0.10728578270518871
authority_appeal,let,0.05137314285714286,7.0,0.043209876543209874,0.10682744738379558
authority_appeal,progress,0.07377266666666667,3.0,0.018518518518518517,0.10227063180477731
authority_appeal,new,0.04215845454545455,10.0,0.06172839506172839,0.10109155886303044
authority_appeal,time,0.048374375000000004,7.0,0.043209876543209874,0.10059168492779852
authority_appeal,years,0.05112100000000001,6.0,0.037037037037037035,0.09947687272985668
authority_appeal,day,0.0611925,4.0,0.024691358024691357,0.09848552945662367
authority_appeal,community,0.07078966666666667,3.0,0.018518518518518517,0.09813531572555668
authority_appeal,world,0.04964366666666667,6.0,0.037037037037037035,0.09660211480298563
authority_appeal,states,0.045673166666666674,6.0,0.037037037037037035,0.08887587855616151
authority_appeal,getting,0.063961,3.0,0.018518518518518517,0.08866877363158933
authority_appeal,believe,0.063724,3.0,0.018518518518518517,0.08834022186800392
authority_appeal,line,0.05478875,4.0,0.024691358024691357,0.0881790914248738
authority_appeal,crisis,0.06337633333333334,3.0,0.018518518518518517,0.08785825352845457
authority_appeal,peace,0.04425171428571428,6.0,0.037037037037037035,0.08610985994166741
authority_appeal,child,0.060312333333333336,3.0,0.018518518518518517,0.08361064760598322
authority_appeal,share,0.06008466666666667,3.0,0.018518518518518517,0.08329503458976825
authority_appeal,military,0.059199,3.0,0.018518518518518517,0.08206723988393641
authority_appeal,know,0.05092275,4.0,0.024691358024691357,0.08195700445540359
authority_appeal,good,0.045145000000000005,5.0,0.030864197530864196,0.08088898123830054
authority_appeal,canadians,0.050186999999999996,4.0,0.024691358024691357,0.08077286051133019
authority_appeal,times,0.049865,4.0,0.024691358024691357,0.08025462150352641
authority_appeal,home,0.05747533333333333,3.0,0.018518518518518517,0.07967773050348607
authority_appeal,great,0.0487275,4.0,0.024691358024691357,0.07842388587813262
authority_appeal,come,0.05543466666666667,3.0,0.018518518518518517,0.07684876581056076
authority_appeal,government,0.03327288888888889,9.0,0.05555555555555555,0.07661365795640278
authority_appeal,build,0.05438799999999999,3.0,0.018518518518518517,0.0753977777125886
authority_appeal,needed,0.053412666666666664,3.0,0.018518518518518517,0.07404567861237633
authority_appeal,vital,0.052519666666666666,3.0,0.018518518518518517,0.07280771774789628
authority_appeal,war,0.0445288,4.0,0.024691358024691357,0.07166633891519557
authority_appeal,national,0.05047133333333333,3.0,0.018518518518518517,0.06996812479820237
authority_appeal,long,0.0389368,5.0,0.030864197530864196,0.06976538010143893
authority_appeal,united,0.03351571428571428,7.0,0.043209876543209874,0.0696939685847866
authority_appeal,sense,0.049977,3.0,0.018518518518518517,0.06928283328568877
authority_appeal,continue,0.048757,3.0,0.018518518518518517,0.06759155416512251
authority_appeal,challenge,0.03769083333333333,5.0,0.030864197530864196,0.06753290752809642
authority_appeal,just,0.046264,3.0,0.018518518518518517,0.06413552232285062
authority_appeal,efforts,0.046248,3.0,0.018518518518518517,0.0641133416130727
authority_appeal,meet,0.04461400000000001,3.0,0.018518518518518517,0.06184813662700281
authority_appeal,forward,0.03770175,4.0,0.024691358024691357,0.06067862581511234
authority_appeal,making,0.043226999999999995,3.0,0.018518518518518517,0.0599253463481295
authority_appeal,old,0.03701625,4.0,0.024691358024691357,0.05957535612613876
authority_appeal,parents,0.030411999999999998,6.0,0.037037037037037035,0.059179019453070185
authority_appeal,far,0.04219333333333333,3.0,0.018518518518518517,0.05849238007685192
authority_appeal,today,0.030044333333333336,6.0,0.037037037037037035,0.05846357315493419
authority_appeal,power,0.040996,3.0,0.018518518518518517,0.05683252362847103
authority_appeal,children,0.029178,6.0,0.037037037037037035,0.05677776632913593
authority_appeal,commitment,0.03525575,4.0,0.024691358024691357,0.056741940681298536
authority_appeal,president,0.031523,5.0,0.030864197530864196,0.05648163374847598
authority_appeal,life,0.04069066666666667,3.0,0.018518518518518517,0.056409241750209095
authority_appeal,food,0.04047,3.0,0.018518518518518517,0.05610333279452197
authority_appeal,rest,0.038586333333333334,3.0,0.018518518518518517,0.053492016316292475
authority_appeal,able,0.033077999999999996,4.0,0.024691358024691357,0.053236987267495164
authority_appeal,means,0.03828333333333333,3.0,0.018518518518518517,0.053071969124873136
authority_appeal,nations,0.0294026,5.0,0.030864197530864196,0.05268238696992481
authority_appeal,information,0.03764466666666667,3.0,0.018518518518518517,0.05218658912623791
authority_appeal,security,0.0324112,4.0,0.024691358024691357,0.05216381406748411
authority_appeal,true,0.03748925,3.0,0.018518518518518517,0.05197113587761386
authority_appeal,standards,0.037288999999999996,3.0,0.018518518518518517,0.05169353043179959
authority_appeal,better,0.031744,4.0,0.024691358024691357,0.05108999709230808
authority_appeal,weapons,0.035881666666666666,3.0,0.018518518518518517,0.04974255216758354
authority_appeal,problems,0.034905,3.0,0.018518518518518517,0.04838860467488978
authority_appeal,like,0.0267258,5.0,0.030864197530864196,0.047886205222695155
authority_appeal,ask,0.03293266666666667,3.0,0.018518518518518517,0.045654370096640993
authority_appeal,strong,0.032640333333333334,3.0,0.018518518518518517,0.0452491100450736
authority_appeal,free,0.020958666666666667,7.0,0.043209876543209874,0.04358232212488712
authority_appeal,things,0.031431,3.0,0.018518518518518517,0.04357261806435928
authority_appeal,federal,0.025501749999999997,4.0,0.024691358024691357,0.04104348328341631
authority_appeal,best,0.028468000000000004,3.0,0.018518518518518517,0.03946502787236105
authority_appeal,try,0.027595333333333333,3.0,0.018518518518518517,0.038255254993223756
authority_appeal,role,0.027295333333333335,3.0,0.018518518518518517,0.03783936668488779
authority_appeal,nation,0.02027925,4.0,0.024691358024691357,0.03263819378572923
authority_appeal,men,0.0223445,3.0,0.018518518518518517,0.030976054352043394
authority_appeal,think,0.022068333333333332,3.0,0.018518518518518517,0.030593206059314117
authority_appeal,greater,0.021031333333333332,3.0,0.018518518518518517,0.02915561880683279
authority_appeal,does,0.020501333333333333,3.0,0.018518518518518517,0.02842088279543925
authority_appeal,citizens,0.01939625,3.0,0.018518518518518517,0.026888912001871677
authority_appeal,different,0.018993,3.0,0.018518518518518517,0.02632988880075008
authority_appeal,level,0.017098250000000002,3.0,0.018518518518518517,0.02370320756001817
authority_appeal,important,0.016683666666666666,3.0,0.018518518518518517,0.02312847302280388
authority_appeal,doesn,0.015860333333333334,3.0,0.018518518518518517,0.021987090665481837
authority_appeal,necessary,0.015230333333333334,3.0,0.018518518518518517,0.021113725217976307
authority_appeal,faith,0.014434666666666667,3.0,0.018518518518518517,0.020010697004645247
authority_appeal,met,0.007778,3.0,0.018518518518518517,0.01078259754079051
exaggeration,work,0.08561400000000001,12.0,0.09375,0.21959557428971202
exaggeration,nation,0.12815925,4.0,0.03125,0.20626435577911997
exaggeration,tough,0.14120566666666667,3.0,0.0234375,0.1957526194581749
exaggeration,america,0.0983315,6.0,0.046875,0.19134426382183253
exaggeration,world,0.09783833333333335,6.0,0.046875,0.19038460579999011
exaggeration,faith,0.11656933333333334,3.0,0.0234375,0.1615994094795049
exaggeration,challenge,0.0886988,4.0,0.03125,0.14275521150740977
exaggeration,support,0.0779686,5.0,0.0390625,0.13970097735245451
exaggeration,let,0.06908433333333334,6.0,0.046875,0.13443190537405364
exaggeration,working,0.0729756,5.0,0.0390625,0.13075472232259885
exaggeration,government,0.05112,9.0,0.0703125,0.11770814995385562
exaggeration,office,0.07222425,4.0,0.03125,0.11624044614711858
exaggeration,believe,0.07860466666666667,3.0,0.0234375,0.10896920615770862
exaggeration,getting,0.078305,3.0,0.0234375,0.10855377994749303
exaggeration,people,0.0435295,10.0,0.078125,0.10437918227727667
exaggeration,effort,0.06303175,4.0,0.03125,0.1014456881370681
exaggeration,standards,0.0610435,4.0,0.03125,0.098245723207671
exaggeration,country,0.03956977777777778,9.0,0.0703125,0.09111278044419818
exaggeration,war,0.049538500000000006,5.0,0.0390625,0.088761076466354
exaggeration,good,0.048915600000000004,5.0,0.0390625,0.08764498949297185
exaggeration,power,0.06176533333333334,3.0,0.0234375,0.08562493331269042
exaggeration,peace,0.06106866666666667,3.0,0.0234375,0.08465914824111022
exaggeration,time,0.039188999999999995,7.0,0.0546875,0.08149123457689107
exaggeration,year,0.04533466666666667,5.0,0.0390625,0.08122881828429747
exaggeration,federal,0.05856733333333333,3.0,0.0234375,0.081191563945829
exaggeration,questions,0.05808066666666667,3.0,0.0234375,0.08051690069008399
exaggeration,tonight,0.04979275,4.0,0.03125,0.08013833961435304
exaggeration,know,0.0444102,5.0,0.0390625,0.07957239638031176
exaggeration,children,0.04018533333333333,6.0,0.046875,0.0781970479765041
exaggeration,president,0.05536766666666667,3.0,0.0234375,0.07675588408836573
exaggeration,make,0.03098933333333333,9.0,0.0703125,0.0713555769751568
exaggeration,help,0.030810444444444442,9.0,0.0703125,0.070943670086299
exaggeration,like,0.036207833333333335,6.0,0.046875,0.07045719035863661
exaggeration,need,0.05003633333333333,3.0,0.0234375,0.06936508675111522
exaggeration,future,0.042942,4.0,0.03125,0.06911248283574514
exaggeration,new,0.03136922222222222,8.0,0.0625,0.06892522603858817
exaggeration,necessary,0.04937933333333333,3.0,0.0234375,0.06845429135585944
exaggeration,things,0.0466685,3.0,0.0234375,0.06469627839192361
exaggeration,states,0.035137800000000004,5.0,0.0390625,0.06295848587784156
exaggeration,increase,0.043200666666666665,3.0,0.0234375,0.059888840596620016
exaggeration,families,0.030117666666666668,6.0,0.046875,0.05860627323253157
exaggeration,generation,0.042235999999999996,3.0,0.0234375,0.05855152863625969
exaggeration,free,0.03212,5.0,0.0390625,0.05755131415160513
exaggeration,build,0.03883133333333333,3.0,0.0234375,0.05383165843476684
exaggeration,better,0.03882,3.0,0.0234375,0.053815947098674155
exaggeration,nations,0.031509,4.0,0.03125,0.05071177918288607
exaggeration,week,0.03628033333333333,3.0,0.0234375,0.05029522151955
exaggeration,friends,0.03571066666666667,3.0,0.0234375,0.049505495831832044
exaggeration,workers,0.035574,3.0,0.0234375,0.04931603560247899
exaggeration,met,0.03529933333333333,3.0,0.0234375,0.04893526675129138
exaggeration,living,0.03496233333333333,3.0,0.0234375,0.04846808555159399
exaggeration,important,0.033957999999999995,3.0,0.0234375,0.047075783914909235
exaggeration,forward,0.03320066666666666,3.0,0.0234375,0.04602589698542111
exaggeration,commitment,0.033040999999999994,3.0,0.0234375,0.0458045519857623
exaggeration,come,0.032661666666666665,3.0,0.0234375,0.04527868432477749
exaggeration,century,0.031471000000000006,3.0,0.0234375,0.04362806983880409
exaggeration,today,0.026915500000000002,4.0,0.03125,0.04331882613212003
exaggeration,united,0.0238562,5.0,0.0390625,0.04274457224979833
exaggeration,times,0.026027500000000002,4.0,0.03125,0.04188964526587855
exaggeration,meet,0.027911333333333333,3.0,0.0234375,0.03869332401133764
exaggeration,crisis,0.026846333333333333,3.0,0.0234375,0.03721692051674495
exaggeration,canadians,0.022753,4.0,0.03125,0.03661954082161308
exaggeration,years,0.019886666666666667,5.0,0.0390625,0.03563212331138192
exaggeration,security,0.0211558,4.0,0.03125,0.03404894658787334
exaggeration,standard,0.02354666666666667,3.0,0.0234375,0.03264261122316969
exaggeration,community,0.022711,3.0,0.0234375,0.031484131235393835
exaggeration,far,0.022638333333333333,3.0,0.0234375,0.03138339384515246
exaggeration,long,0.016046333333333333,6.0,0.046875,0.031224722888457908
exaggeration,economy,0.018104199999999997,4.0,0.03125,0.029137585854289435
exaggeration,making,0.020925333333333334,3.0,0.0234375,0.029008671604554084
exaggeration,strong,0.020686333333333334,3.0,0.0234375,0.02867734725224643
exaggeration,parents,0.014704,6.0,0.046875,0.028612662831709327
exaggeration,doesn,0.020589,3.0,0.0234375,0.028542414601097427
exaggeration,able,0.01639175,4.0,0.03125,0.026381503901141662
exaggeration,men,0.016816333333333332,3.0,0.0234375,0.02331238807471245
exaggeration,different,0.016506,3.0,0.0234375,0.022882174724644915
exaggeration,best,0.016479999999999998,3.0,0.0234375,0.022846131071255795
exaggeration,great,0.014168499999999999,4.0,0.03125,0.022803321062322548
exaggeration,day,0.01323425,4.0,0.03125,0.02129970369263099
exaggeration,old,0.0130145,4.0,0.03125,0.020946029711373597
exaggeration,life,0.013426333333333332,3.0,0.0234375,0.018612850190516023
rhetorical_framing,peace,0.15163375,7.0,0.04516129032258064,0.3153135188706948
rhetorical_framing,america,0.1273168888888889,9.0,0.05806451612903226,0.29315797044193487
rhetorical_framing,tough,0.19010833333333332,3.0,0.01935483870967742,0.2635461105019005
rhetorical_framing,people,0.11755642857142856,7.0,0.04516129032258064,0.2444517210629469
rhetorical_framing,military,0.14285025,4.0,0.025806451612903226,0.22990860815068936
rhetorical_framing,country,0.0896753,10.0,0.06451612903225806,0.21503197795677573
rhetorical_framing,freedom,0.14719833333333335,3.0,0.01935483870967742,0.20406021946624606
rhetorical_framing,world,0.08678766666666667,6.0,0.03870967741935484,0.16888100137949616
rhetorical_framing,love,0.11259833333333334,3.0,0.01935483870967742,0.15609443457149783
rhetorical_framing,rights,0.087778,4.0,0.025806451612903226,0.14127324107764044
rhetorical_framing,economy,0.06782200000000001,6.0,0.03870967741935484,0.13197551812922947
rhetorical_framing,free,0.059320875,8.0,0.05161290322580645,0.13034128449908972
rhetorical_framing,national,0.09078533333333333,3.0,0.01935483870967742,0.12585519567238962
rhetorical_framing,families,0.06462366666666668,6.0,0.03870967741935484,0.12575184883583423
rhetorical_framing,believe,0.08445466666666668,3.0,0.01935483870967742,0.11707902817026
rhetorical_framing,parents,0.07200925,4.0,0.025806451612903226,0.11589441699594523
rhetorical_framing,challenge,0.071107,4.0,0.025806451612903226,0.11444230163945157
rhetorical_framing,citizens,0.08029575,3.0,0.01935483870967742,0.11131354544689245
rhetorical_framing,workers,0.065566,4.0,0.025806451612903226,0.10552440616665422
rhetorical_framing,true,0.07491999999999999,3.0,0.01935483870967742,0.10386117353510219
rhetorical_framing,canadians,0.07432833333333333,3.0,0.01935483870967742,0.1030409493714396
rhetorical_framing,government,0.04936714285714285,7.0,0.04516129032258064,0.10265608765118582
rhetorical_framing,working,0.06120475,4.0,0.025806451612903226,0.098505245071051
rhetorical_framing,nations,0.051415,5.0,0.03225806451612903,0.09212331311036046
rhetorical_framing,war,0.056066000000000005,4.0,0.025806451612903226,0.09023474599853028
rhetorical_framing,times,0.0493568,5.0,0.03225806451612903,0.08843551377079527
rhetorical_framing,generation,0.06324400000000001,3.0,0.01935483870967742,0.08767480057466637
rhetorical_framing,shall,0.061839,3.0,0.01935483870967742,0.08572705699729291
rhetorical_framing,president,0.0473968,5.0,0.03225806451612903,0.08492366521110828
rhetorical_framing,future,0.052721500000000004,4.0,0.025806451612903226,0.08485198090039442
rhetorical_framing,states,0.0469912,5.0,0.03225806451612903,0.08419692757038937
rhetorical_framing,year,0.043002,6.0,0.03870967741935484,0.08367802822967657
rhetorical_framing,food,0.059645000000000004,3.0,0.01935483870967742,0.08268552716899588
rhetorical_framing,security,0.044358666666666664,5.0,0.03225806451612903,0.07948006104233088
rhetorical_framing,child,0.05673966666666667,3.0,0.01935483870967742,0.07865787995182222
rhetorical_framing,face,0.056704333333333336,3.0,0.01935483870967742,0.07860889755106265
rhetorical_framing,work,0.03112609090909091,11.0,0.07096774193548387,0.07734543028190582
rhetorical_framing,standards,0.05443233333333333,3.0,0.01935483870967742,0.07545923676259826
rhetorical_framing,great,0.041864,5.0,0.03225806451612903,0.07501021841976328
rhetorical_framing,recognize,0.053940666666666665,3.0,0.01935483870967742,0.07477764203504764
rhetorical_framing,help,0.0308336,10.0,0.06451612903225806,0.07393574368335584
rhetorical_framing,office,0.04503025,4.0,0.025806451612903226,0.07247339155638564
rhetorical_framing,need,0.052205,3.0,0.01935483870967742,0.07237149712226389
rhetorical_framing,federal,0.049525000000000007,3.0,0.01935483870967742,0.06865622823446259
rhetorical_framing,children,0.0379046,5.0,0.03225806451612903,0.06791592597730173
rhetorical_framing,women,0.048246000000000004,3.0,0.01935483870967742,0.06688315774659025
rhetorical_framing,things,0.04824125,3.0,0.01935483870967742,0.06687657284837492
rhetorical_framing,make,0.0298435,8.0,0.05161290322580645,0.06557287167373346
rhetorical_framing,new,0.028314909090909092,9.0,0.05806451612903226,0.06519748758220886
rhetorical_framing,good,0.04001775,4.0,0.025806451612903226,0.06440608402030971
rhetorical_framing,tonight,0.046053666666666666,3.0,0.01935483870967742,0.06384393840889507
rhetorical_framing,years,0.03273414285714286,6.0,0.03870967741935484,0.06369770080634077
rhetorical_framing,line,0.039474499999999996,4.0,0.025806451612903226,0.06353175687437988
rhetorical_framing,let,0.031454833333333335,6.0,0.03870967741935484,0.0612082794201767
rhetorical_framing,commitment,0.03456425,4.0,0.025806451612903226,0.05562901436485035
rhetorical_framing,forward,0.039344333333333335,3.0,0.01935483870967742,0.05454282744202135
rhetorical_framing,today,0.025106857142857146,7.0,0.04516129032258064,0.05220824172387826
rhetorical_framing,long,0.026702166666666666,6.0,0.03870967741935484,0.05196001711843315
rhetorical_framing,right,0.037103,3.0,0.01935483870967742,0.05143567968063129
rhetorical_framing,know,0.0314095,4.0,0.025806451612903226,0.05055164011059887
rhetorical_framing,like,0.025868166666666668,6.0,0.03870967741935484,0.05033712805412102
rhetorical_framing,effort,0.03114675,4.0,0.025806451612903226,0.05012876029910682
rhetorical_framing,time,0.0278752,5.0,0.03225806451612903,0.04994565355662588
rhetorical_framing,ask,0.035488,3.0,0.01935483870967742,0.049196814287422674
rhetorical_framing,crisis,0.035436333333333334,3.0,0.01935483870967742,0.049125189078764814
rhetorical_framing,does,0.03443933333333333,3.0,0.01935483870967742,0.04774305360072828
rhetorical_framing,weapons,0.03410266666666667,3.0,0.01935483870967742,0.04727633449915126
rhetorical_framing,just,0.030916666666666665,3.0,0.01935483870967742,0.042859600664623285
rhetorical_framing,able,0.029979666666666665,3.0,0.01935483870967742,0.04156064284825394
rhetorical_framing,united,0.021168000000000003,6.0,0.03870967741935484,0.041191026035202874
rhetorical_framing,build,0.0254855,4.0,0.025806451612903226,0.041017329917339265
rhetorical_framing,day,0.028925000000000003,3.0,0.01935483870967742,0.04009856439539284
rhetorical_framing,support,0.021981666666666667,5.0,0.03225806451612903,0.0393858593994147
rhetorical_framing,aim,0.026151999999999998,3.0,0.01935483870967742,0.03625437013200738
rhetorical_framing,jobs,0.025968333333333333,3.0,0.01935483870967742,0.03599975406768169
rhetorical_framing,best,0.025395,3.0,0.01935483870967742,0.035204945300639626
rhetorical_framing,try,0.024992666666666667,3.0,0.01935483870967742,0.03464719286934905
rhetorical_framing,growing,0.020581,4.0,0.025806451612903226,0.03312384167580622
rhetorical_framing,strong,0.021282333333333334,3.0,0.01935483870967742,0.029503578691473884
rhetorical_framing,level,0.02121525,3.0,0.01935483870967742,0.02941058144474876
rhetorical_framing,doesn,0.020745666666666666,3.0,0.01935483870967742,0.028759600717672876
rhetorical_framing,efforts,0.02040075,3.0,0.01935483870967742,0.028281444687616605
rhetorical_framing,problems,0.015371666666666667,3.0,0.01935483870967742,0.021309654821014587
rhetorical_framing,important,0.014248666666666668,3.0,0.01935483870967742,0.01975284625347695
rhetorical_framing,making,0.010203,3.0,0.01935483870967742,0.014144361366506243
rhetorical_framing,week,0.009905333333333334,3.0,0.01935483870967742,0.01373170774501289
rhetorical_framing,continue,0.009535333333333333,3.0,0.01935483870967742,0.01321877883139853
emotion_appeal,tough,0.15943833333333332,3.0,0.02127659574468085,0.22102846244635346
emotion_appeal,people,0.10029642857142858,7.0,0.04964539007092199,0.20856056005355297
emotion_appeal,love,0.13527166666666665,3.0,0.02127659574468085,0.18752634871928944
emotion_appeal,hope,0.13482666666666668,3.0,0.02127659574468085,0.18690944772859114
emotion_appeal,country,0.07555355555555555,9.0,0.06382978723404255,0.1739684907449197
emotion_appeal,future,0.10726375,4.0,0.028368794326241134,0.17263434587985324
emotion_appeal,faith,0.11994566666666667,3.0,0.02127659574468085,0.16628000134076604
emotion_appeal,peace,0.0859502,5.0,0.03546099290780142,0.15400208473204519
emotion_appeal,world,0.0773184,5.0,0.03546099290780142,0.13853597534556245
emotion_appeal,america,0.0719274,5.0,0.03546099290780142,0.128876600046954
emotion_appeal,aggression,0.09173,3.0,0.02127659574468085,0.12716478174552756
emotion_appeal,tonight,0.086852,3.0,0.02127659574468085,0.12040243785198473
emotion_appeal,day,0.067557,4.0,0.028368794326241134,0.10872879705031052
emotion_appeal,generation,0.06472775,4.0,0.028368794326241134,0.10417529483655634
emotion_appeal,families,0.056324200000000005,5.0,0.03546099290780142,0.10091941869669482
emotion_appeal,government,0.04564575,8.0,0.05673758865248227,0.10029396375094474
emotion_appeal,parents,0.04555483333333333,6.0,0.0425531914893617,0.08864561252185661
emotion_appeal,believe,0.06369633333333334,3.0,0.02127659574468085,0.08830186772401294
emotion_appeal,true,0.063435,3.0,0.02127659574468085,0.08793958279764026
emotion_appeal,things,0.06284275,3.0,0.02127659574468085,0.087118549962267
emotion_appeal,canadians,0.06259933333333333,3.0,0.02127659574468085,0.0867811028098644
emotion_appeal,work,0.039174125000000004,8.0,0.05673758865248227,0.08607435024564124
emotion_appeal,women,0.059785,3.0,0.02127659574468085,0.08287960837955266
emotion_appeal,nations,0.0462438,5.0,0.03546099290780142,0.08285776654308834
emotion_appeal,war,0.051449800000000004,4.0,0.028368794326241134,0.08280525870715198
emotion_appeal,role,0.059049,3.0,0.02127659574468085,0.08185929572976841
emotion_appeal,citizens,0.0582945,3.0,0.02127659574468085,0.08081333663430346
emotion_appeal,times,0.0447722,5.0,0.03546099290780142,0.08022101330817231
emotion_appeal,let,0.040378000000000004,6.0,0.0425531914893617,0.07857195999855544
emotion_appeal,free,0.043466,5.0,0.03546099290780142,0.07788061708946663
emotion_appeal,think,0.055234000000000005,3.0,0.02127659574468085,0.07657058274209605
emotion_appeal,years,0.041785333333333334,5.0,0.03546099290780142,0.07486926667485069
emotion_appeal,make,0.032219375,8.0,0.05673758865248227,0.07079320261641216
emotion_appeal,federal,0.043732,4.0,0.028368794326241134,0.07038393878656807
emotion_appeal,help,0.03310871428571428,7.0,0.04964539007092199,0.06884763587732291
emotion_appeal,great,0.0350935,6.0,0.0425531914893617,0.06828879781587263
emotion_appeal,necessary,0.04779,3.0,0.02127659574468085,0.06625100751791957
emotion_appeal,know,0.040833999999999995,4.0,0.028368794326241134,0.06571978771633405
emotion_appeal,security,0.04081,4.0,0.028368794326241134,0.06568116120643563
emotion_appeal,effort,0.04736233333333333,3.0,0.02127659574468085,0.06565813562948063
emotion_appeal,year,0.033184142857142856,6.0,0.0425531914893617,0.06457336037341567
emotion_appeal,children,0.030195142857142858,7.0,0.04964539007092199,0.06278903441410003
emotion_appeal,time,0.0345798,5.0,0.03546099290780142,0.0619586840940123
emotion_appeal,increase,0.0384385,4.0,0.028368794326241134,0.06186437919709816
emotion_appeal,standards,0.04316433333333333,3.0,0.02127659574468085,0.05983847190149933
emotion_appeal,long,0.033207799999999996,5.0,0.03546099290780142,0.0595003901022314
emotion_appeal,challenge,0.041643,3.0,0.02127659574468085,0.0577294560801156
emotion_appeal,means,0.041184,3.0,0.02127659574468085,0.05709314696836157
emotion_appeal,growing,0.029026399999999997,5.0,0.03546099290780142,0.05200832705760121
emotion_appeal,far,0.03199725,4.0,0.028368794326241134,0.051497587243632015
emotion_appeal,president,0.0282572,5.0,0.03546099290780142,0.050630105673870995
emotion_appeal,new,0.022830777777777776,8.0,0.05673758865248227,0.05016434605303493
emotion_appeal,crisis,0.029713000000000003,4.0,0.028368794326241134,0.047821228692154424
emotion_appeal,does,0.02957525,4.0,0.028368794326241134,0.04759952861971663
emotion_appeal,today,0.02388866666666667,6.0,0.0425531914893617,0.04648519891406603
emotion_appeal,century,0.032696666666666666,3.0,0.02127659574468085,0.045327204627416684
emotion_appeal,face,0.025964,4.0,0.028368794326241134,0.04178744595843898
emotion_appeal,economy,0.0255154,4.0,0.028368794326241134,0.041065452110921045
emotion_appeal,office,0.024592,4.0,0.028368794326241134,0.03957929714257939
emotion_appeal,build,0.02453225,4.0,0.028368794326241134,0.03948313322731145
emotion_appeal,ask,0.028322333333333335,3.0,0.02127659574468085,0.03926309099375792
emotion_appeal,forward,0.02821,3.0,0.02127659574468085,0.039107363927192114
emotion_appeal,support,0.02103966666666667,5.0,0.03546099290780142,0.03769802197940187
emotion_appeal,parliament,0.026773333333333333,3.0,0.02127659574468085,0.0371157210283832
emotion_appeal,making,0.026773333333333333,3.0,0.02127659574468085,0.0371157210283832
emotion_appeal,good,0.0225325,4.0,0.028368794326241134,0.036264659761921364
emotion_appeal,like,0.025319666666666667,3.0,0.02127659574468085,0.03510051112543526
emotion_appeal,present,0.025301333333333332,3.0,0.02127659574468085,0.035075095728814724
emotion_appeal,working,0.02176975,4.0,0.028368794326241134,0.035037060994212256
emotion_appeal,met,0.024818666666666666,3.0,0.02127659574468085,0.03440597765051419
emotion_appeal,states,0.01960275,4.0,0.028368794326241134,0.03154940903796756
emotion_appeal,best,0.022416000000000002,3.0,0.02127659574468085,0.03107517439886347
emotion_appeal,united,0.016739999999999998,4.0,0.028368794326241134,0.026941990654146836
emotion_appeal,home,0.017436666666666666,3.0,0.02127659574468085,0.024172352676727158
emotion_appeal,come,0.016520666666666666,3.0,0.02127659574468085,0.02290250704194134
emotion_appeal,doesn,0.01646,3.0,0.02127659574468085,0.022818405184033396
emotion_appeal,line,0.01622466666666667,3.0,0.02127659574468085,0.022492163911049853
emotion_appeal,able,0.012283,4.0,0.028368794326241134,0.019768725878428053
emotion_appeal,strong,0.013717666666666668,3.0,0.02127659574468085,0.01901672394772229
emotion_appeal,different,0.011951999999999999,3.0,0.02127659574468085,0.01656899020410493
emotion_appeal,needed,0.008305333333333333,3.0,0.02127659574468085,0.011513636767221063
emotion_appeal,rights,0.005467,3.0,0.02127659574468085,0.007578871272242441
polarization,work,0.096313875,8.0,0.05925925925925926,0.21162321328848846
polarization,year,0.092988,6.0,0.044444444444444446,0.18094629294035547
polarization,office,0.10025175,4.0,0.02962962962962963,0.16134896723786532
polarization,jobs,0.11162566666666666,3.0,0.022222222222222223,0.15474603225624853
polarization,effort,0.09541649999999999,4.0,0.02962962962962963,0.15356693257176832
polarization,support,0.07206085714285715,6.0,0.044444444444444446,0.1402239532639108
polarization,working,0.0763428,5.0,0.037037037037037035,0.13678793480738355
polarization,military,0.09469725,3.0,0.022222222222222223,0.13127826368856055
polarization,believe,0.09303566666666667,3.0,0.022222222222222223,0.12897482008302977
polarization,faith,0.087824,3.0,0.022222222222222223,0.12174991597099327
polarization,children,0.05734883333333333,6.0,0.044444444444444446,0.11159567681981497
polarization,president,0.06930725,4.0,0.02962962962962963,0.1115457157565483
polarization,tonight,0.06705775,4.0,0.02962962962962963,0.1079252851725278
polarization,time,0.0584388,5.0,0.037037037037037035,0.10470827327032446
polarization,new,0.049336624999999995,7.0,0.05185185185185185,0.10259262755127992
polarization,families,0.072788,3.0,0.022222222222222223,0.1009055939571946
polarization,federal,0.07133533333333333,3.0,0.022222222222222223,0.09889177034860777
polarization,workers,0.060377,4.0,0.02962962962962963,0.09717303283903367
polarization,good,0.0540432,5.0,0.037037037037037035,0.09683241534738563
polarization,future,0.06950266666666667,3.0,0.022222222222222223,0.09635115488279539
polarization,economy,0.0593086,4.0,0.02962962962962963,0.09545350937338909
polarization,people,0.043048,8.0,0.05925925925925926,0.09458612360516959
polarization,canadians,0.058449,4.0,0.02962962962962963,0.09407003654386073
polarization,standards,0.05815750000000001,4.0,0.02962962962962963,0.0936008853923862
polarization,line,0.06729933333333334,3.0,0.022222222222222223,0.0932966863071279
polarization,challenge,0.06721200000000001,3.0,0.022222222222222223,0.0931756165995901
polarization,getting,0.06640633333333333,3.0,0.022222222222222223,0.09205872544264783
polarization,questions,0.062098999999999994,3.0,0.022222222222222223,0.08608749353118408
polarization,let,0.04106542857142857,7.0,0.05185185185185185,0.0853931580983146
polarization,help,0.0388085,8.0,0.05925925925925926,0.08527099000955268
polarization,means,0.06058133333333334,3.0,0.022222222222222223,0.08398356078912447
polarization,century,0.060176,3.0,0.022222222222222223,0.08342164947475053
polarization,government,0.037052125000000005,8.0,0.05925925925925926,0.08141183969253378
polarization,years,0.04090557142857143,6.0,0.044444444444444446,0.0795985665957642
polarization,country,0.035462125,8.0,0.05925925925925926,0.07791825261456918
polarization,home,0.05500233333333334,3.0,0.022222222222222223,0.0762494245484366
polarization,day,0.046752999999999996,4.0,0.02962962962962963,0.07524605072003149
polarization,think,0.053671,3.0,0.022222222222222223,0.07440380465566565
polarization,better,0.0457918,4.0,0.02962962962962963,0.07369905899859984
polarization,necessary,0.05280066666666666,3.0,0.022222222222222223,0.07319726646337096
polarization,needed,0.05204066666666666,3.0,0.022222222222222223,0.07214368274891984
polarization,tough,0.05155033333333333,3.0,0.022222222222222223,0.07146393641385072
polarization,power,0.05079,3.0,0.022222222222222223,0.07040989060127925
polarization,free,0.0429085,4.0,0.02962962962962963,0.0690585666656786
polarization,parents,0.034167166666666665,6.0,0.044444444444444446,0.06648623638113106
polarization,efforts,0.04678025,3.0,0.022222222222222223,0.06485119678677877
polarization,rights,0.04605933333333334,3.0,0.022222222222222223,0.06385179407694143
polarization,continue,0.04595166666666667,3.0,0.022222222222222223,0.06370253638406084
polarization,increase,0.04546266666666667,3.0,0.022222222222222223,0.06302463844147321
polarization,friends,0.04523966666666667,3.0,0.022222222222222223,0.06271549479894348
polarization,make,0.034992800000000004,5.0,0.037037037037037035,0.06269868075480349
polarization,come,0.04233133333333333,3.0,0.022222222222222223,0.05868368869868646
polarization,making,0.04149633333333333,3.0,0.022222222222222223,0.05752613290715135
polarization,world,0.03472325,4.0,0.02962962962962963,0.055884914992927366
polarization,united,0.03365075,4.0,0.02962962962962963,0.0541587928318418
polarization,old,0.039057666666666664,3.0,0.022222222222222223,0.05414542305850031
polarization,things,0.0386815,3.0,0.022222222222222223,0.05362394532965905
polarization,peace,0.03837533333333334,3.0,0.022222222222222223,0.05319950820609618
polarization,america,0.0294894,5.0,0.037037037037037035,0.052837911691853805
polarization,forward,0.036699666666666665,3.0,0.022222222222222223,0.05087654095497961
polarization,war,0.036588499999999996,3.0,0.022222222222222223,0.05072243123183511
polarization,long,0.026771200000000002,5.0,0.037037037037037035,0.04796755110259811
polarization,like,0.0261774,5.0,0.037037037037037035,0.04690360432977048
polarization,able,0.0273475,4.0,0.02962962962962963,0.044014103310291555
polarization,strong,0.029772000000000003,3.0,0.022222222222222223,0.04127275571926139
polarization,try,0.028683,3.0,0.022222222222222223,0.03976308116000182
polarization,just,0.025840666666666668,3.0,0.022222222222222223,0.035822770487578724
polarization,security,0.0247765,3.0,0.022222222222222223,0.03434752223828697
polarization,met,0.024152999999999997,3.0,0.022222222222222223,0.033483167704128715
polarization,level,0.022992,3.0,0.022222222222222223,0.031873679950868525
polarization,states,0.019191,4.0,0.02962962962962963,0.030886722977522818
polarization,times,0.01874925,4.0,0.02962962962962963,0.030175753779705054
polarization,doesn,0.019092666666666664,3.0,0.022222222222222223,0.026468056138741695
polarization,know,0.019058333333333333,3.0,0.022222222222222223,0.02642046003234325
polarization,today,0.015698,4.0,0.02962962962962963,0.025264956349390508
polarization,greater,0.018007333333333334,3.0,0.022222222222222223,0.024963464658806243
polarization,does,0.017440333333333332,3.0,0.022222222222222223,0.024177435756051264
polarization,sense,0.016469,3.0,0.022222222222222223,0.022830881833283478
polarization,far,0.015465666666666667,3.0,0.022222222222222223,0.021439966490959854
polarization,nations,0.014856333333333333,3.0,0.022222222222222223,0.020595251126917468
polarization,ask,0.014255666666666666,3.0,0.022222222222222223,0.019762550314004788
polarization,living,0.009625,3.0,0.022222222222222223,0.013343083225778946
presumption,tough,0.16831866666666664,3.0,0.018292682926829267,0.23333921847121847
presumption,rights,0.13667025,4.0,0.024390243902439025,0.21996228185184657
presumption,freedom,0.15333666666666668,3.0,0.018292682926829267,0.2125697563529203
presumption,america,0.0729999,10.0,0.06097560975609756,0.1750461151247538
presumption,president,0.09692175,4.0,0.024390243902439025,0.15598953898945975
presumption,challenge,0.08679999999999999,5.0,0.03048780487804878,0.15552472192899514
presumption,support,0.07560042857142857,6.0,0.036585365853658534,0.1471116412300741
presumption,tonight,0.08863125,4.0,0.024390243902439025,0.14264649397642484
presumption,working,0.0768292,5.0,0.03048780487804878,0.13765944661321608
presumption,year,0.062124125,7.0,0.042682926829268296,0.12918348626551082
presumption,faith,0.09181899999999998,3.0,0.018292682926829267,0.1272881619436672
presumption,questions,0.091719,3.0,0.018292682926829267,0.12714953250755523
presumption,going,0.089962,3.0,0.018292682926829267,0.12471381331506759
presumption,government,0.0513788,10.0,0.06097560975609756,0.12320098164205293
presumption,let,0.055238714285714294,7.0,0.042682926829268296,0.1148656771946977
presumption,federal,0.07077325,4.0,0.024390243902439025,0.11390515173617669
presumption,free,0.050817625,8.0,0.04878048780487805,0.1116577346118555
presumption,nation,0.07976933333333334,3.0,0.018292682926829267,0.11058377699029294
presumption,children,0.052665857142857146,7.0,0.042682926829268296,0.10951557117103286
presumption,families,0.0591874,5.0,0.03048780487804878,0.10604958440898858
presumption,economy,0.06468080000000001,4.0,0.024390243902439025,0.10409973172656757
presumption,like,0.052221333333333335,6.0,0.036585365853658534,0.10161802253053387
presumption,states,0.0560454,5.0,0.03048780487804878,0.10041987615667404
presumption,peace,0.048091571428571435,7.0,0.042682926829268296,0.10000361143323452
presumption,years,0.05118171428571428,6.0,0.036585365853658534,0.09959501727462074
presumption,think,0.07076833333333334,3.0,0.018292682926829267,0.0981057414458528
presumption,know,0.060513750000000005,4.0,0.024390243902439025,0.09739312347355904
presumption,office,0.059752,4.0,0.024390243902439025,0.09616713414376236
presumption,military,0.0677315,3.0,0.018292682926829267,0.09389579652019187
presumption,world,0.04743116666666666,6.0,0.036585365853658534,0.09229678859820073
presumption,century,0.05551825,4.0,0.024390243902439025,0.08935317638199448
presumption,work,0.0361,10.0,0.06097560975609756,0.08656401934802119
presumption,aggression,0.062057,3.0,0.018292682926829267,0.08602926916801705
presumption,parents,0.04289833333333332,6.0,0.036585365853658534,0.08347630221089115
presumption,believe,0.060153000000000005,3.0,0.018292682926829267,0.08338976470444479
presumption,means,0.05967633333333333,3.0,0.018292682926829267,0.08272896439231096
presumption,effort,0.05862733333333333,3.0,0.018292682926829267,0.08127474160749619
presumption,good,0.044713,5.0,0.03048780487804878,0.08011494114759403
presumption,friends,0.05759633333333333,3.0,0.018292682926829267,0.0798454721211816
presumption,people,0.03404444444444445,9.0,0.054878048780487805,0.07839023027704174
presumption,progress,0.056015333333333334,3.0,0.018292682926829267,0.07765374073625105
presumption,does,0.048079,4.0,0.024390243902439025,0.07738016539191911
presumption,line,0.055804,3.0,0.018292682926829267,0.07736077052793437
presumption,forward,0.04758875,4.0,0.024390243902439025,0.07659113845534829
presumption,time,0.03900783333333333,6.0,0.036585365853658534,0.07590573877599148
presumption,new,0.032447363636363635,9.0,0.054878048780487805,0.07471281581604798
presumption,standards,0.05320366666666667,3.0,0.018292682926829267,0.07375594309090229
presumption,nations,0.0457355,4.0,0.024390243902439025,0.07360844764412978
presumption,united,0.03674433333333333,6.0,0.036585365853658534,0.07150117115360477
presumption,help,0.0294271,10.0,0.06097560975609756,0.07056310398216493
presumption,face,0.0391426,5.0,0.03048780487804878,0.07013412420020607
presumption,getting,0.049315,3.0,0.018292682926829267,0.0683651064186274
presumption,continue,0.04817066666666667,3.0,0.018292682926829267,0.06677872357138588
presumption,country,0.028697222222222225,9.0,0.054878048780487805,0.06607779609922636
presumption,doesn,0.04750866666666667,3.0,0.018292682926829267,0.06586099670432452
presumption,weapons,0.04745333333333334,3.0,0.018292682926829267,0.06578428841634255
presumption,long,0.036361199999999996,5.0,0.03048780487804878,0.06515052441249515
presumption,old,0.046407000000000004,3.0,0.018292682926829267,0.06433376241649076
presumption,food,0.046239999999999996,3.0,0.018292682926829267,0.06410225125818374
presumption,great,0.038919166666666664,4.0,0.024390243902439025,0.06263798235367482
presumption,shall,0.044997,3.0,0.018292682926829267,0.06237908736731172
presumption,true,0.04411125,3.0,0.018292682926829267,0.06115117713694977
presumption,just,0.043640333333333337,3.0,0.018292682926829267,0.0604983480173924
presumption,citizens,0.041343,3.0,0.018292682926829267,0.057313567771779636
presumption,home,0.041093333333333336,3.0,0.018292682926829267,0.05696745627962004
presumption,security,0.033931,4.0,0.024390243902439025,0.05460983780680146
presumption,make,0.02578942857142857,7.0,0.042682926829268296,0.05362760910761343
presumption,strength,0.03815533333333333,3.0,0.018292682926829267,0.0528945234466498
presumption,role,0.036069333333333335,3.0,0.018292682926829267,0.05000271340935371
presumption,far,0.035389,3.0,0.018292682926829267,0.049059571145671804
presumption,efforts,0.03524775,3.0,0.018292682926829267,0.04886375706716362
presumption,future,0.02969575,4.0,0.024390243902439025,0.04779346588816493
presumption,canadians,0.034394,3.0,0.018292682926829267,0.04768020825635752
presumption,love,0.03422833333333333,3.0,0.018292682926829267,0.04745054549053199
presumption,sense,0.03416166666666667,3.0,0.018292682926829267,0.04735812586645733
presumption,national,0.028276250000000003,4.0,0.024390243902439025,0.04550886877146473
presumption,commitment,0.02798425,4.0,0.024390243902439025,0.04503891290103397
presumption,war,0.03244925,3.0,0.018292682926829267,0.04498421229756961
presumption,things,0.032023,3.0,0.018292682926829267,0.04439330432614226
presumption,aim,0.031776,3.0,0.018292682926829267,0.04405088961894564
presumption,able,0.026849,4.0,0.024390243902439025,0.04321179851094316
presumption,share,0.030664999999999998,3.0,0.018292682926829267,0.04251071658374144
presumption,today,0.019465714285714284,7.0,0.042682926829268296,0.04047781492418492
presumption,times,0.0220136,5.0,0.03048780487804878,0.039443076251798714
presumption,hope,0.028390333333333333,3.0,0.018292682926829267,0.039357359010314064
presumption,come,0.026329666666666668,3.0,0.018292682926829267,0.03650066843016635
presumption,better,0.0223876,4.0,0.024390243902439025,0.03603145220840966
presumption,meet,0.02448866666666667,3.0,0.018292682926829267,0.03394850051134463
presumption,present,0.02424933333333333,3.0,0.018292682926829267,0.0336167140609166
presumption,best,0.023792333333333332,3.0,0.018292682926829267,0.03298317753788481
presumption,level,0.0225905,3.0,0.018292682926829267,0.031317082764878885
presumption,different,0.021979,3.0,0.018292682926829267,0.030469363763054074
presumption,needed,0.021636666666666665,3.0,0.018292682926829267,0.029994788993430697
presumption,strong,0.021249,3.0,0.018292682926829267,0.029457368879436556
presumption,day,0.01702125,4.0,0.024390243902439025,0.02739464506701893
presumption,try,0.018417333333333334,3.0,0.018292682926829267,0.0255318453468654
presumption,necessary,0.017180333333333336,3.0,0.018292682926829267,0.023816999222160098
presumption,generation,0.01705733333333333,3.0,0.018292682926829267,0.023646485015742343
presumption,making,0.016133666666666668,3.0,0.018292682926829267,0.022366011124187943
presumption,met,0.013875,3.0,0.018292682926829267,0.019234834260538482
presumption,problems,0.01247,3.0,0.018292682926829267,0.017287090683165036
presumption,women,0.011059333333333332,3.0,0.018292682926829267,0.015331491437745242
presumption,greater,0.008974666666666667,3.0,0.018292682926829267,0.012441529792930645
presumption,build,0.008457333333333332,3.0,0.018292682926829267,0.011724353510111286
